,ert_id,name,st_address
0,47023948576274839201938475,John Davis,6987 Ohio Drive Allen TX 75038
1,75100000000000000000000005,Christina Keller,"8985 Clinton Street
East Belinda, CO 11314"
2,96100000000000000000000091,Nathan Morris,"733 Julia Points Suite 946
Lake Luis, UT 57060"
3,99100000000000000000000000,Sarah Allen,"903 Clinton Alley
West Shawn, IN 30099"
4,57100000000000000000000092,Elizabeth Li,"41907 Emma Expressway Apt. 938
Port Davidborough, NM 63182"
5,60100000000000000000000020,Richard Simmons,"308 Carey Well Suite 531
North Lindseyberg, SC 46137"
6,42100000000000000000000044,Benjamin Simon,"5734 Dennis Fields
Wilsonport, ME 80249"
7,51100000000000000000000014,Benjamin Hernandez,"8846 Katelyn Fields
North Sean, NY 84231"
8,63100000000000000000000036,Richard Martin,"70967 Jones Divide
Port Rebeccaview, ME 66407"
9,94100000000000000000000006,Danielle Freeman,"240 Monica Drives
North Jessica, KY 31127"
10,41100000000000000000000051,Rebecca Smith,"8781 Grant Hollow
Sanchezhaven, ND 90203"
11,36100000000000000000000071,David Guzman,"067 Wu Walks Apt. 473
Michaelmouth, NM 90416"
12,91100000000000000000000012,Sean Brown,"6866 Keith Centers Suite 758
West Stephanieside, WV 96765"
13,16100000000000000000000029,Frederick Johnson,"PSC 0373, Box 4489
APO AE 87321"
14,57100000000000000000000004,Joseph Ward,"026 Jack Glens Suite 683
New Jason, DC 13093"
15,92100000000000000000000058,Juan James,"1865 Burgess Point Apt. 863
Hamptonburgh, OR 50399"
16,39100000000000000000000017,Haley Diaz,"37628 Butler Field Suite 223
East Sarahburgh, NY 45773"
17,56100000000000000000000015,Sean Coleman,"76502 Turner Pine
North Jamesbury, MA 54787"
18,59100000000000000000000002,Rhonda Russell,"530 Jacqueline Squares
North Michaelberg, KY 09902"
19,12100000000000000000000076,Christopher Rosales,"8364 Alexandra Valley
South Robert, IN 30464"
20,23100000000000000000000087,Andrea Smith,"16089 Yvonne Forge Suite 322
New Cassandra, MD 92842"
21,12100000000000000000000070,William Matthews,"223 Alexander Lane Suite 249
New Sethtown, NM 61005"
22,14100000000000000000000055,Michelle Rodriguez,"68407 Walker Valleys Suite 389
Lake Andrew, VA 40904"
23,39100000000000000000000032,Kelly Peters,"PSC 1961, Box 5673
APO AA 84066"
24,46100000000000000000000007,Christopher Taylor,"45747 Brown Port
South Jamesstad, NM 07616"
25,18100000000000000000000021,Marissa Ortiz,"01730 David Shoals
Heidimouth, OK 45435"
26,46100000000000000000000048,Kenneth Rogers,"014 Nathan Centers Suite 726
North Jessicachester, UT 59266"
27,35100000000000000000000031,Mark Sharp,"037 Anderson Springs Suite 236
South Arthur, IA 64136"
28,31100000000000000000000092,William Navarro,"53439 Best Mountains
New David, AL 04928"
29,10100000000000000000000058,Kimberly Brennan,"95942 Michelle Green
West Wayneborough, CA 79564"
30,69100000000000000000000067,Mark Carr,"04643 Rodriguez Hills Apt. 687
West Scott, MO 25401"
31,100100000000000000000000024,Amy Jones,"0598 Sydney Haven
South Evelyn, ID 93127"
32,51100000000000000000000081,Gary Cohen,"0993 Powers Vista Suite 126
Brownville, UT 60703"
33,30100000000000000000000070,Tanya Bradley,"47147 Sullivan Square
Leahville, LA 65669"
34,64100000000000000000000028,John Casey,"058 Johnson Plains
Port Andrew, SD 64030"
35,95100000000000000000000081,Heather Harris,"94875 Erik Ferry Suite 582
Matthewton, IN 09951"
36,99100000000000000000000005,Melissa White,"USNS Ball
FPO AA 83319"
37,60100000000000000000000026,Jessica Dean,"379 Amanda Light Suite 938
New Kevinville, SC 16049"
38,92100000000000000000000004,Darryl Jenkins,"8395 Bailey Viaduct
Taylorborough, IN 72829"
39,42100000000000000000000072,Maria Clark,"85490 Garcia Rapids
Jamesport, NE 29393"
40,28100000000000000000000073,James Maldonado,"0764 Gutierrez Camp Suite 268
North Kelseymouth, OH 15377"
41,13100000000000000000000017,Lisa Conner,"50137 Miles Avenue
Aliciaborough, WY 61726"
42,80100000000000000000000100,Steven Taylor,"Unit 7106 Box 1187
DPO AP 55611"
43,39100000000000000000000068,Garrett Taylor,"984 Alexandra Way
South Barbara, LA 59982"
44,40100000000000000000000049,Jesus Baldwin,"087 Smith Lock
Scottton, VT 27415"
45,46100000000000000000000099,Mark Wiley,"2942 Gomez Lakes Suite 278
North Frank, NE 05057"
46,13100000000000000000000007,Peter Gardner,"539 Chad Pine
North Kevinside, SD 05018"
47,42100000000000000000000092,James Salas,"517 Smith Plaza
Schmidtborough, TX 83409"
48,51100000000000000000000073,Richard Meadows,"5240 Martin Fork Suite 089
North Kennethport, MS 85666"
49,87100000000000000000000006,Holly Miller,"94370 King Oval
Tracishire, VA 45249"
50,88100000000000000000000089,Courtney Zuniga,"Unit 6804 Box 7606
DPO AE 50178"
51,42100000000000000000000082,Angela Gomez,"0736 Weaver Heights
Port Glenn, AR 61776"
52,58100000000000000000000090,Danielle Cannon,"486 James Parks
West Shawn, TN 93150"
53,74100000000000000000000019,Jay Spencer,"7184 Morgan Rue
Danielview, SC 80346"
54,22100000000000000000000039,Kim Rich,"0908 Anne Junctions
New Brendachester, NY 75113"
55,26100000000000000000000017,Holly Ramirez,"311 Steven Pike
Nathanielborough, VT 43207"
56,34100000000000000000000022,Sean Mills,"6001 Hailey Ridges Apt. 124
South Adam, SC 01226"
57,32100000000000000000000059,Rachel Rodriguez,"670 Randall Stream Suite 566
Barberburgh, PA 14319"
58,70100000000000000000000072,Jeffrey Sheppard,"120 Lee Radial
Erikport, CT 10604"
59,80100000000000000000000035,Amy Franklin,"0218 Flynn Dam Suite 123
Brownview, FL 26852"
60,30100000000000000000000032,Cynthia Burch,"57362 Kelly Field Apt. 905
Simmonshaven, MD 04953"
61,16100000000000000000000025,John Miller,"1624 Morgan Turnpike Suite 987
Scottfurt, OH 83584"
62,86100000000000000000000093,Marcia Gomez,"5659 Bruce Forest Suite 205
Lake Davidbury, RI 37577"
63,61100000000000000000000022,Mary Ellis,"92081 Ashlee Isle Apt. 591
Morrisborough, DE 16602"
64,91100000000000000000000072,Stephanie Erickson,"1342 Ashley Loop
New Paul, NY 34003"
65,62100000000000000000000024,Jennifer Rodriguez,"7949 Martin Brooks Suite 136
Johntown, IL 65166"
66,18100000000000000000000085,Hannah Smith,"15556 Moore Cove Apt. 902
East Jacob, VA 62419"
67,77100000000000000000000070,Jade Booth,"7296 Jennings Forge
Hesterchester, ID 86016"
68,84100000000000000000000013,Larry Lopez,"2913 James Forks Suite 078
Jordanton, OH 95455"
69,97100000000000000000000017,Andre Garza,"64178 Parks Loaf
New Sara, MI 46842"
70,80100000000000000000000010,Ryan Schultz,"49264 Paul Mills
East Sarahton, IN 86291"
71,30100000000000000000000002,Gabriel Hernandez,"Unit 4933 Box 1695
DPO AA 17380"
72,28100000000000000000000007,Sean Clark,"62141 Ramirez Land
Harrisshire, NM 93599"
73,80100000000000000000000047,Rita Diaz,"74866 Ross Stravenue
Cindymouth, DE 11432"
74,83100000000000000000000097,Juan Anderson,"27573 Brady Meadow
Hintontown, SD 57603"
75,55100000000000000000000100,Jose Wright,"1974 Dustin Mount
Michaelton, MT 54161"
76,62100000000000000000000075,Caitlin Williams,"8062 Kevin Village Apt. 211
South Cynthia, MO 94811"
77,45100000000000000000000049,Ralph Hayes,"3760 Hoffman Rest
Port Anita, KS 45082"
78,38100000000000000000000083,Edward Brennan,"8850 Crawford Club
Lake Michael, NC 13392"
79,90100000000000000000000075,Brandi Garcia,"72522 Tanya Harbor
New Michele, DC 39710"
80,26100000000000000000000004,Mark Weaver,"047 Howell Spurs
Donstad, VA 08191"
81,32100000000000000000000075,Melissa Howe,"00369 Linda Pines Suite 536
Chaseview, MI 30045"
82,54100000000000000000000019,Denise Sullivan,"81429 Ronnie Ville Apt. 063
Meltonport, LA 61731"
83,71100000000000000000000046,Joseph Cook,"1314 Stevenson Fields
Murphyside, IL 69168"
84,31100000000000000000000023,Jordan Lewis,"976 Thornton Cliffs Apt. 474
New Charlotte, AR 91786"
85,60100000000000000000000043,Gerald Burch,"10748 Wong Park Apt. 996
East Kimberly, UT 19336"
86,63100000000000000000000096,Jamie Richardson,"091 Barrett Spurs
New Davidfort, MA 61965"
87,62100000000000000000000035,Alicia Wall,"7657 Liu Drive Suite 725
East Juliestad, NY 20586"
88,69100000000000000000000088,Tyler Kelly,"043 David Prairie Suite 076
Davisbury, NC 07357"
89,77100000000000000000000040,Cameron Neal,"11407 Short Street
West Robert, NV 73028"
90,32100000000000000000000048,Daniel Soto,"225 Sullivan Orchard
North Brandonville, AL 96938"
91,12100000000000000000000097,Alicia Allen,"76422 Erin Points
Kathrynhaven, NH 27650"
92,36100000000000000000000011,Andrea Coleman,"897 Robin Greens
Port Kimberly, MT 29779"
93,55100000000000000000000018,Michael Armstrong,"USNS Nelson
FPO AA 77040"
94,76100000000000000000000002,Christina Jones,"PSC 8577, Box 9923
APO AA 91825"
95,83100000000000000000000071,Julie Fields,"19061 Walsh Harbor
Hardinshire, NJ 92676"
96,17100000000000000000000014,Matthew George,"3077 Robert Tunnel
Tracyview, ME 37884"
97,40100000000000000000000006,Rodney Rodriguez,"57484 Maddox Lakes Suite 770
South Catherine, OR 66281"
98,55100000000000000000000099,Debbie Wilkinson,"99142 Lauren Rue
Danielmouth, OH 34756"
99,84100000000000000000000006,Jennifer Salinas,"25915 Isaac Ways Suite 652
Michellestad, TX 57857"
100,52100000000000000000000076,Angela Bond,"2380 Austin Crescent Suite 792
East Lindaburgh, MI 52936"
101,63100000000000000000000063,Tara Stephens,"3017 Tara Plains Suite 540
New Kevin, MS 89697"
102,18100000000000000000000054,Rachel Ruiz,"0912 Grace Junctions Suite 697
Port Wandaborough, NC 95804"
103,56100000000000000000000067,Michelle Martinez,"001 Parrish Flat Suite 652
West Arthurbury, MO 70343"
104,54100000000000000000000080,Robin Graves,"6553 Amber Stream Suite 878
Davidborough, MS 48407"
105,50100000000000000000000066,Crystal Webster,"464 Jonathan Divide
North Tanya, WI 37430"
106,48100000000000000000000081,Cassandra Pierce,"726 Flores Brooks
East Amber, AR 36598"
107,11100000000000000000000092,Scott Knight,"39532 Luis Ridge
Freemanhaven, MS 53857"
108,65100000000000000000000070,Lauren Foster,"841 Fred Branch
Lunashire, OR 06644"
109,48100000000000000000000071,Susan Andrews,"43357 Mark Locks Suite 131
South Christopher, NV 23845"
110,65100000000000000000000034,Kimberly Wilson,"74095 Kevin Radial Apt. 703
Sierramouth, NE 22480"
111,19100000000000000000000029,Veronica Robinson,"USNS Montoya
FPO AA 84020"
112,87100000000000000000000095,Amber Hicks,"2995 Mosley Pines
New Andrea, IN 13396"
113,35100000000000000000000024,Paul Roy,"583 Andrew Mills Suite 627
Matthewchester, NE 03197"
114,35100000000000000000000048,Kim Black,"51390 Adams Locks
Tiffanyborough, NY 60721"
115,69100000000000000000000074,Nathaniel Roberts,"6525 Richard Course Suite 053
New Harryborough, NM 64782"
116,79100000000000000000000000,Brian Smith,"041 James Avenue Apt. 633
Silvaborough, CT 19323"
117,54100000000000000000000057,Emily Williams,"26021 Steven Club Suite 465
West Pattymouth, HI 67154"
118,48100000000000000000000070,Julie Ball,"1943 Kaiser Loop
North Katelynburgh, NM 13141"
119,30100000000000000000000013,Ryan Hodge,"5358 Nicholas Alley
Christopherchester, TN 78254"
120,95100000000000000000000062,Jessica Romero,"Unit 2253 Box 5045
DPO AE 12193"
121,71100000000000000000000058,Carl Mckenzie,"340 White Heights Suite 732
West Melissaville, FL 61868"
122,29100000000000000000000073,Tyler Thompson,"644 Banks Plains
North Johnport, WI 22234"
123,55100000000000000000000052,Michael Snyder,"42509 Ryan Causeway Apt. 870
East Emilyton, WA 75907"
124,68100000000000000000000036,Ronnie Howell,"USCGC Arnold
FPO AP 12560"
125,53100000000000000000000034,Betty Williams,"Unit 1727 Box 2252
DPO AE 16577"
126,52100000000000000000000029,William Black,"06238 White Ferry Apt. 087
New Sarah, CO 17120"
127,85100000000000000000000040,Timothy Craig,"2589 Nathaniel Mount
Christophermouth, DE 72023"
128,87100000000000000000000040,Lawrence Rice,"502 Moore Circle
East Ginaton, DE 21461"
129,11100000000000000000000013,Jordan Collins,"8330 Marissa Highway
East Jessica, DE 99320"
130,11100000000000000000000079,Mrs. Donna Wood,"USCGC Garner
FPO AE 71786"
131,90100000000000000000000092,Nicole Villarreal,"Unit 5165 Box 5389
DPO AE 82828"
132,69100000000000000000000098,Samuel Porter,"74720 Parsons Light Suite 776
Lopezmouth, MS 40446"
133,53100000000000000000000054,Jared Mahoney,"0478 Sanchez Heights Suite 182
Adamchester, AL 45554"
134,28100000000000000000000063,Amy Hayes,"67563 Mariah Motorway Apt. 837
North Lisa, TN 04201"
135,61100000000000000000000020,Hayley Allen,"939 Alice Vista
New Ashley, MO 05680"
136,88100000000000000000000076,Adrian Raymond,"43390 Daniel Estate Suite 808
South Tonyatown, OH 81118"
137,22100000000000000000000013,Raymond Johnson,"90609 Trevino Park
West Jennifer, VA 64299"
138,99100000000000000000000050,April Mason,"7447 Huffman Lane Apt. 429
Lake Latashabury, IL 20096"
139,72100000000000000000000045,Kristen Cummings,"66517 Elizabeth Mountain Suite 690
Nancyberg, TX 34775"
140,93100000000000000000000074,Sean Scott,"299 Bernard Union
Oscarfort, MS 75064"
141,12100000000000000000000068,James Stein,"2163 Mcmillan Shoals Suite 766
North Jamesmouth, AZ 98168"
142,99100000000000000000000089,Sandra Anderson,"99766 Shah Valleys Suite 867
Lake Taylor, MN 59617"
143,35100000000000000000000039,Nicole Short,"2365 Monica Inlet Suite 709
Blackwellport, NC 41478"
144,96100000000000000000000027,Jeffrey Montgomery,"782 Juan Vista Apt. 037
Beardtown, TX 38408"
145,61100000000000000000000054,Manuel Norman,"2096 Kelly Corners
Owensville, DC 65525"
146,19100000000000000000000020,John Kelly,"6510 Jamie Track Apt. 145
Cookborough, DC 19155"
147,54100000000000000000000056,Francis Brown,"436 Cynthia Turnpike Suite 912
Chasehaven, DC 82615"
148,81100000000000000000000066,Jacob Ryan,"781 James Isle
Beasleyfurt, NY 19565"
149,64100000000000000000000051,Amanda Brown,"81124 Michelle Estates Suite 146
Port Benjaminmouth, VA 50070"
150,56100000000000000000000015,Scott Wilson,"2537 Elizabeth Oval
Castroberg, SD 69334"
151,82100000000000000000000016,Emily Jordan,"0071 Moran Brooks
Reyesstad, LA 09807"
152,70100000000000000000000074,Laurie Cannon,"Unit 7464 Box 5979
DPO AP 95997"
153,90100000000000000000000057,Nancy Glover,"2956 Tiffany Forest Suite 784
New Jodi, ME 38874"
154,13100000000000000000000024,Nicolas Smith,"PSC 2752, Box 5197
APO AP 12123"
155,23100000000000000000000005,Diana Jones,"785 Obrien Harbors
East Laura, CO 87683"
156,28100000000000000000000087,Angela Allen,"70356 Rivas Mission
Johnsonshire, ID 74653"
157,11100000000000000000000057,Brandon Werner,"69516 Edward Skyway Suite 220
New Heather, WV 11695"
158,71100000000000000000000087,Steven Brown,"14382 Barrett Fall
Lake Kevinberg, MT 88082"
159,17100000000000000000000067,Bailey Walker,"36901 Pamela Pass Apt. 881
Hooperfort, OH 02812"
160,86100000000000000000000051,Michael Diaz,"64519 Keith Greens Suite 365
East Julie, HI 88613"
161,72100000000000000000000072,Brittany Boone,"88843 Julia Station Suite 009
South Erinstad, IA 30757"
162,75100000000000000000000013,Kevin Chan,"06734 Lindsey Port Apt. 590
Markfort, AR 40341"
163,35100000000000000000000053,Keith Tyler,"PSC 6259, Box 6174
APO AE 63541"
164,35100000000000000000000093,Kenneth Webb,"747 Clark Isle Apt. 065
East Mason, LA 93156"
165,25100000000000000000000002,Dr. Susan Mcmahon,"714 Stacy Brooks
Gardnertown, VT 74370"
166,84100000000000000000000024,Beth Villarreal,"69619 David Inlet
East Jose, NJ 74310"
167,58100000000000000000000044,Paul Owens,"6482 Baker Way Apt. 259
Leeland, MD 79983"
168,81100000000000000000000045,Rebecca Lopez,"15112 Mejia Drives
Port Andremouth, NC 97122"
169,47100000000000000000000023,Terry Russell,"6510 Ford Rue
Rodriguezton, NM 15089"
170,48100000000000000000000012,Joann Lee,"63689 Wilson Locks Suite 518
Masonchester, FL 03628"
171,82100000000000000000000068,Hannah Carlson,"60483 Dawn Knolls Suite 794
Josemouth, HI 87586"
172,87100000000000000000000090,Denise Alvarado,"78162 Price Drive
Port Brianside, ME 76287"
173,50100000000000000000000033,Kelli Johnson,"98623 Armstrong Valley
Markshire, NV 69791"
174,61100000000000000000000051,Kristin Rosario,"295 Nicholas Extensions
Williamsmouth, VA 08801"
175,75100000000000000000000096,Pamela Smith,"838 Adam Lodge
Robertville, KS 53152"
176,34100000000000000000000034,Christian Dickson,"44080 Hansen Heights Suite 214
North Alberttown, MS 89518"
177,34100000000000000000000000,Lisa Anderson,"53947 Dylan Cove
Port Christopherport, AR 33780"
178,83100000000000000000000039,Alyssa Floyd,"939 Lowe Lights
Lake Nicholas, AR 28309"
179,65100000000000000000000031,Donna Myers,"66677 Vargas Prairie Suite 384
Kimberlyberg, ME 97034"
180,100100000000000000000000002,Maria Morgan,"32669 Smith Mountains
West Chad, VT 68567"
181,26100000000000000000000093,Brian Lewis,"55517 Fernandez Row Suite 393
West Kristi, FL 22096"
182,22100000000000000000000064,Matthew Barr,"5319 Steven Grove
Dawnmouth, NM 04070"
183,43100000000000000000000008,Angela Johnston,"873 Charles Squares
Pettyshire, AL 61508"
184,38100000000000000000000009,Raymond Jones,"USS Shelton
FPO AA 38208"
185,77100000000000000000000030,Katherine Smith,"6897 Laura Light Suite 944
South Matthewchester, KS 76624"
186,27100000000000000000000092,Angela Dominguez,"359 Tracie Gateway
North Anneport, KY 54947"
187,29100000000000000000000031,Hannah Rhodes,"56498 Moore Track Suite 142
Matthewfort, MN 93652"
188,30100000000000000000000065,Donald Fletcher,"741 Williams Locks Apt. 854
Danielchester, ME 73772"
189,35100000000000000000000066,Anthony Chavez,"366 Crystal Way Suite 904
Bradleyshire, WI 26614"
190,17100000000000000000000061,Brandon Odonnell,"USS Meyers
FPO AA 89671"
191,81100000000000000000000057,James Shaw,"Unit 2435 Box 7528
DPO AP 06932"
192,12100000000000000000000075,James Maldonado,"9417 Eric Mountain Suite 909
Andersontown, CT 50320"
193,10100000000000000000000071,Lindsay Roberts,"4490 Rogers Motorway Apt. 021
West James, CA 84073"
194,47100000000000000000000057,Roy Taylor,"90235 Sarah Plains
Patrickchester, AL 03645"
195,41100000000000000000000009,Cameron Colon,"63454 Victor Motorway
North Ericachester, RI 04465"
196,98100000000000000000000017,Rebecca Walters,"209 Washington Court Suite 729
Emmaborough, MI 71710"
197,18100000000000000000000039,David Brown,"067 Allison Ford
North Kimberlyshire, SC 70732"
198,14100000000000000000000060,Kimberly Massey,"USNS Walton
FPO AP 62258"
199,61100000000000000000000033,Mikayla Lopez,"8271 Karen Knoll
Raymondtown, NE 63121"
200,11100000000000000000000011,Henry Williams,"83155 Kelly Hill Suite 094
Donaldsonborough, UT 25867"
201,81100000000000000000000088,Mckenzie Galloway,"756 Vaughn Drives Apt. 672
South Garyhaven, NM 08844"
202,15100000000000000000000017,Zachary Miller,"09894 Solomon Trail
Lake Danielhaven, ID 46731"
203,24100000000000000000000059,Jose Kaiser,"1790 Lindsey Knolls Suite 164
Walkertown, NM 89759"
204,24100000000000000000000090,Tyrone Reed,"2439 Alexander Avenue
Durhamview, WI 11975"
205,63100000000000000000000003,Jonathan Hunt,"2554 Diana Loaf
Jessicamouth, MI 45738"
206,43100000000000000000000050,Brandi Greene,"89498 George Fords Suite 974
Steelefort, AK 37856"
207,67100000000000000000000059,Brent Archer,"795 Andrew Run
Port Robin, MA 03261"
208,82100000000000000000000028,Margaret Alvarado,"990 Thomas Vista
Bauerstad, IA 31771"
209,98100000000000000000000081,Jason Simpson,"7982 Jones Street Apt. 499
Melissastad, NJ 89345"
210,54100000000000000000000031,Shelby Stevenson,"160 Jeffrey Stravenue Suite 984
Linside, OR 29735"
211,50100000000000000000000004,Crystal Mullins,"0606 Simpson Trail Apt. 352
Ricetown, NE 73863"
212,83100000000000000000000065,Gina Brown,"0922 Richards Ports
Hallchester, WV 33480"
213,73100000000000000000000032,Gabriel Prince,"19896 Willie Loaf Suite 901
Matthewtown, OR 27984"
214,23100000000000000000000073,Pamela Thomas,"06855 Victoria Village
Lake Jennifer, NM 26908"
215,23100000000000000000000029,Steven Smith,"482 Michael Forge Apt. 938
Port Carol, ID 04747"
216,76100000000000000000000059,Donald Campbell,"300 Hughes Crossroad
Millerfort, IN 60904"
217,16100000000000000000000011,Monica Flowers,"01924 Wilson Plaza Apt. 653
Olsonberg, CT 28086"
218,36100000000000000000000055,David Stevenson,"USS Anderson
FPO AP 37786"
219,96100000000000000000000094,Natasha White,"64936 Mark View
East Travis, IL 21913"
220,51100000000000000000000069,Amanda Robinson,"905 Hill Wall
Port Marco, MA 15871"
221,91100000000000000000000033,Benjamin Bird,"496 Linda Spur Apt. 036
Hendrixchester, DC 63839"
222,29100000000000000000000047,Victoria Lewis,"17454 Roberts Pines
West Brenda, MN 60862"
223,41100000000000000000000035,Michael Martinez,"139 Amanda Unions Apt. 761
Nicholasberg, FL 47991"
224,68100000000000000000000088,James May,"82227 Scott Lock
Christopherstad, PA 51102"
225,74100000000000000000000021,Stuart Richardson,"4447 Kevin Summit Suite 194
Lake Dianaside, OR 07179"
226,15100000000000000000000099,Misty Ashley,"982 Carter Corner
East Lisa, IL 19244"
227,77100000000000000000000047,Shannon Zuniga,"459 Frederick Parkways Suite 774
Sullivanberg, UT 81909"
228,92100000000000000000000072,Christopher Kelly,"33388 Christina Streets
East Jared, VA 49174"
229,45100000000000000000000009,John Lozano,"76959 Nathan Loaf
Kimberg, MD 39237"
230,82100000000000000000000089,Adrian White,"029 Wright Light
Hughesshire, AK 31591"
231,88100000000000000000000017,Adam Gaines,"673 Glen Estates
Guzmantown, CO 52135"
232,79100000000000000000000020,Heather Grant,"11724 Little Throughway Suite 161
North Billy, WY 96653"
233,80100000000000000000000089,Nicole Logan,"8707 Guzman Estates
South Nicole, CT 85947"
234,37100000000000000000000035,Scott Anderson,"77152 Louis Rapid
Lake Ashley, WY 67783"
235,87100000000000000000000009,Yvonne Nichols,"4308 Norman Coves Apt. 213
East Christychester, VT 22212"
236,82100000000000000000000045,Shawn Parker,"586 Kaitlyn Garden Suite 589
Maxwellland, IN 91004"
237,23100000000000000000000051,Rachel Hanson,"150 Loretta Brooks Suite 805
New Antonio, KY 68733"
238,97100000000000000000000017,Michael Blake,"0295 Holmes Falls Apt. 893
Luceroshire, DC 49588"
239,49100000000000000000000016,Jared Wyatt,"92900 Wood Way
Bradleyburgh, IN 99391"
240,46100000000000000000000024,Mary Foster,"9470 Bailey Trail Suite 788
Dennisshire, KY 35268"
241,36100000000000000000000088,Brandon Rodriguez,"Unit 6968 Box 7316
DPO AA 07572"
242,100100000000000000000000025,Rebecca Tran,"8379 Bruce Isle Suite 655
Huffton, ID 46369"
243,94100000000000000000000047,Jared Clark,"9765 Michael Ramp
East Jennifer, PA 73251"
244,38100000000000000000000030,Dominique Weiss,"673 Mcconnell Mews Suite 574
New Alexandra, KS 57742"
245,78100000000000000000000091,Aaron Nichols,"7758 Edwin Bypass
New Ericaton, NC 59936"
246,88100000000000000000000049,Michael Roberts,"0687 Morgan Ridge
West James, OR 97465"
247,32100000000000000000000033,Benjamin Hunt,"60595 Hernandez Port
West Kaylachester, VT 98162"
248,33100000000000000000000092,Christine Ray,"5829 Smith Ramp Suite 071
West Emilyland, DC 67919"
249,96100000000000000000000081,Jane Gray,"9900 Johnson Circle
Lake Johnview, WY 23918"
250,22100000000000000000000074,Crystal Perry,"14500 Silva Harbor Suite 987
New Kevinville, OK 53573"
251,21100000000000000000000051,Tracey Miller,"86428 Nicholas Shores
Christopherstad, CO 99376"
252,28100000000000000000000012,Mark Sanders,"853 Bryan Haven
Port Laurieland, PA 45077"
253,18100000000000000000000040,Andrew Thomas,"3165 Morales Trail Apt. 743
North Sara, HI 29378"
254,12100000000000000000000021,Tom Ward,"49968 Michele Point Suite 090
Lake Emma, MD 63581"
255,84100000000000000000000033,Jean Murray,"38047 Rebecca Mountains Suite 071
Lake Brian, IN 08610"
256,58100000000000000000000055,Valerie Davis,"9722 Barrera Point Suite 762
New Wesley, ID 50113"
257,10100000000000000000000073,Deborah Obrien,"442 Perez Mission
Danielhaven, NE 17383"
258,14100000000000000000000075,John Cobb,"95627 Gary Tunnel
Port Faith, WA 30963"
259,20100000000000000000000099,Dana Nguyen,"USCGC Lynn
FPO AA 34044"
260,75100000000000000000000026,Susan Smith,"25599 Wong Stream Apt. 331
West Robertland, GA 98761"
261,28100000000000000000000000,Kevin Hill,"432 Robert Fort Apt. 700
Stephenville, MT 95749"
262,33100000000000000000000090,Angela Hernandez,"9692 Brian Grove Apt. 156
North Richardshire, NY 27313"
263,60100000000000000000000011,Melissa Lewis,"91048 Olivia Viaduct
Port William, HI 90362"
264,65100000000000000000000093,Shane Garza,"1829 Kelly Lane
Lake Michaelborough, NJ 85035"
265,97100000000000000000000044,Tammie Trujillo,"87648 Martinez Circles
Michaelchester, NV 44954"
266,76100000000000000000000054,Monica Sloan,"94622 Cooley Tunnel
Calderonstad, WA 71760"
267,46100000000000000000000002,Dr. Rachel Chung,"USCGC Harrison
FPO AA 42672"
268,19100000000000000000000025,Zachary Jackson,"6927 George Locks Suite 487
Wardmouth, AR 79327"
269,92100000000000000000000022,Linda Ferguson,"1689 Santana Haven
East Anthony, WI 19877"
270,98100000000000000000000082,Adam Santana,"625 West Fords
Caseyfort, KY 64867"
271,54100000000000000000000089,Crystal Barker,"7758 Hall Camp
Lake David, WY 42792"
272,43100000000000000000000031,Joshua Hunt,"PSC 8211, Box 3170
APO AE 81758"
273,91100000000000000000000075,Cynthia Arellano,"200 Paige Freeway Suite 672
Robinstad, IL 27479"
274,49100000000000000000000070,Jill Sanders,"Unit 9024 Box 7192
DPO AP 95848"
275,19100000000000000000000013,Meagan Johnson MD,"802 Thomas Street
Port Davidberg, RI 26440"
276,35100000000000000000000027,Thomas Daniels,"11329 Kimberly Ridge Suite 218
Port Philip, TX 82736"
277,54100000000000000000000028,Wendy Freeman,"0882 Carlson Ports Apt. 218
Mooreport, NM 22139"
278,28100000000000000000000071,Chris Woods,"0612 Daniel Walk Apt. 901
Lake Nancy, MD 26905"
279,62100000000000000000000028,David Allen,"PSC 2488, Box 6363
APO AE 92872"
280,33100000000000000000000003,Jacqueline Adams,"33987 Collins Pass Apt. 694
West Erinland, AL 40382"
281,73100000000000000000000077,Austin Miller,"759 Walter Underpass Apt. 434
Andreastad, IL 17495"
282,97100000000000000000000023,Joshua Dean,"37145 Lee Island Apt. 176
South Brenda, NM 82287"
283,15100000000000000000000009,Rachel Jackson,"28413 Michael Causeway Suite 127
Turnerstad, KY 12693"
284,37100000000000000000000099,Rebecca Jones,"452 Christopher Vista
West Roberthaven, WV 33840"
285,46100000000000000000000094,Taylor Hurst,"76872 Antonio Village
Prattside, NM 35753"
286,79100000000000000000000096,Dustin Barnes,"USNV Browning
FPO AA 94161"
287,51100000000000000000000069,Nicole Miller,"63515 Williamson Lodge Apt. 425
Ingramport, SD 64726"
288,33100000000000000000000059,Johnny Powell,"7104 David Mountain Suite 210
North Bryan, VT 16699"
289,17100000000000000000000094,Jacob Singh,"4700 Morgan Way
North Timothy, TX 28543"
290,48100000000000000000000066,Andre Banks,"600 Jennifer Meadow
East Melanie, NC 97281"
291,37100000000000000000000058,Mark Dunn,"475 Smith Union Apt. 145
Port Julieville, MS 46543"
292,81100000000000000000000014,Bobby Smith,"713 Harper Stream Suite 318
New Paula, TN 61523"
293,63100000000000000000000035,Jennifer Porter,"682 Ferguson Flats Apt. 997
Port Brenda, WI 78539"
294,62100000000000000000000084,Anthony Duncan,"887 Zamora Plains Apt. 669
Kimberlyfurt, RI 13624"
295,32100000000000000000000085,William Wallace,"90648 Jennifer Alley Apt. 071
Jaimeville, NJ 87480"
296,77100000000000000000000066,Rhonda Barker,"8304 Jennifer Station Suite 739
Morrisonstad, AK 19571"
297,93100000000000000000000086,Brenda Jacobs,"662 Steven Pass
South Shelly, TX 88550"
298,17100000000000000000000094,Sara Mendoza,"Unit 7298 Box 9795
DPO AP 34633"
299,14100000000000000000000061,Stephen Stanley,"USCGC Harris
FPO AA 80459"
300,96100000000000000000000092,Jason Nelson,"2686 Michael Rapids
Gutierrezton, SC 30757"
301,27100000000000000000000084,Tammy Clark,"369 Christopher Fords Suite 343
Millerfort, OR 85151"
302,30100000000000000000000085,Mikayla Obrien,"034 Anderson Estates
Elizabethport, DE 18007"
303,63100000000000000000000005,Julie Payne,"92668 Shelton Vista Suite 092
Annamouth, OR 20002"
304,19100000000000000000000092,Erika Anderson,"80973 White Divide
North Patrickland, HI 81846"
305,85100000000000000000000062,Donna Vazquez,"USS Hall
FPO AP 42249"
306,12100000000000000000000027,Melissa Stevens,"49320 Ramos Mews
Lake David, NH 72285"
307,31100000000000000000000060,Nicholas Gonzalez,"0335 Jennifer Haven
Lake Rebeccamouth, NH 22392"
308,30100000000000000000000019,Mr. James Davis,"86794 Alexis Course
New John, DC 87860"
309,16100000000000000000000020,Tina Christensen,"88775 Stewart Causeway Apt. 750
West Dwayneburgh, OK 77060"
310,15100000000000000000000031,Joseph Blevins,"9047 Gardner Gardens Suite 809
South Aaronchester, IA 49508"
311,92100000000000000000000023,Lauren Roman,"066 Evan Ford
North Kelly, UT 19563"
312,66100000000000000000000095,Danielle Wagner,"591 Parks Glens
Taylorchester, CT 88732"
313,73100000000000000000000084,Chad Gomez,"78401 Travis Shores Apt. 175
Joshuaville, OK 65548"
314,64100000000000000000000087,Kevin Walker,"Unit 3700 Box 3325
DPO AE 47879"
315,74100000000000000000000089,Jason Davis,"952 Emily Roads Apt. 187
Wendytown, RI 52346"
316,20100000000000000000000072,Laura Michael,"185 Young Lakes Apt. 992
North Henryshire, GA 85130"
317,10100000000000000000000036,Emily Farley,"93352 Bray Stream
New Rogershire, ND 69944"
318,16100000000000000000000061,Amanda Myers,"PSC 6959, Box 6208
APO AP 43063"
319,81100000000000000000000098,Ryan Morgan,"18301 Shelton Drive
South Mark, VT 92686"
320,56100000000000000000000065,Zachary Humphrey,"58460 Amber Stream
Dunnstad, HI 74124"
321,23100000000000000000000059,Karen Frank,"026 James Summit
Adammouth, WV 11140"
322,48100000000000000000000069,Christopher Harris,"6700 Hill Bridge Suite 528
West Tammy, DC 12555"
323,83100000000000000000000003,Zachary Wilson,"855 Whitaker Roads Suite 856
Carrollburgh, WI 75486"
324,68100000000000000000000036,Jacob Robinson,"USNS Scott
FPO AP 65293"
325,65100000000000000000000042,Robert Fitzgerald,"5014 Martin Terrace
New Robin, MO 92920"
326,48100000000000000000000023,Larry Donaldson,"16151 Bennett Curve Suite 146
Port Amandafort, NE 80236"
327,43100000000000000000000073,Derek Li,"1329 Carter Plains
Lake Josetown, NE 53668"
328,18100000000000000000000076,Andrew Contreras,"652 Hicks Mills Apt. 517
South Daniel, VT 32659"
329,92100000000000000000000094,Robert Byrd,"206 Matthew Square Suite 223
New Troy, OK 86841"
330,94100000000000000000000033,Raymond Maldonado,"0774 Monique Cliffs
Lake Susanberg, MI 60942"
331,18100000000000000000000026,Adam Cummings,"193 Heath Mill
East Justintown, ME 80521"
332,43100000000000000000000015,Marcia Ryan,"7935 Pam Turnpike Apt. 685
North Joymouth, AR 38819"
333,17100000000000000000000064,Michael Stone,"USNV Brown
FPO AP 36590"
334,56100000000000000000000083,John Hamilton,"73777 Downs Dale
Port Brittany, IA 87957"
335,11100000000000000000000086,Dana Long,"012 White Ports
Gloverstad, MT 85311"
336,56100000000000000000000014,Michael Jones,"535 Anthony Forest
Pamelaside, MN 08254"
337,58100000000000000000000081,William Hinton,"PSC 4112, Box 7008
APO AA 21864"
338,59100000000000000000000055,Michelle Collins,"000 Shane Lodge Apt. 802
Port David, VT 17686"
339,38100000000000000000000017,David Lopez,"1448 Todd Brooks Suite 472
West Malloryborough, ME 26651"
340,61100000000000000000000037,Michael Lewis,"7552 Mariah Groves Suite 703
East Michael, AK 63071"
341,28100000000000000000000057,Mr. Gregory Martinez,"4444 Sexton Terrace Suite 148
Deanburgh, TN 03385"
342,28100000000000000000000003,Michelle Green,"56955 Phillips Port
Morsemouth, AR 08461"
343,41100000000000000000000051,Samantha Mooney,"31915 Reed Coves Suite 616
East Austin, KS 01912"
344,53100000000000000000000046,Jacob Summers,"86512 Joseph Square
Timothychester, MD 71394"
345,27100000000000000000000034,Kevin Brown,"078 Johnny Locks
Bakermouth, TX 71455"
346,22100000000000000000000006,Matthew Cuevas,"3098 Wilson Spring Suite 281
Randallshire, WI 61601"
347,67100000000000000000000065,Brent Gray,"7420 Turner Pines Apt. 484
Port Jesseport, DC 54037"
348,34100000000000000000000015,Elizabeth Bishop,"075 William Inlet
Lake Danielle, NV 92922"
349,89100000000000000000000058,Gregory Villa,"Unit 0668 Box 7301
DPO AP 27588"
350,87100000000000000000000071,Angela Johnson,"658 Steven Overpass
Matthewston, MI 98519"
351,61100000000000000000000075,Timothy Cook,"PSC 2089, Box 5838
APO AP 87210"
352,71100000000000000000000086,John Flores,"25990 Julia Manor
Sharonview, ID 77285"
353,45100000000000000000000019,Benjamin Williams,"Unit 0498 Box 4063
DPO AP 64301"
354,85100000000000000000000085,Dillon Franklin,"053 Tyrone Junction Suite 996
East Daniellebury, CT 56078"
355,67100000000000000000000006,Brian Conner,"PSC 6961, Box 1414
APO AE 40487"
356,71100000000000000000000053,Keith Barrera,"334 Patrick Roads
West Stephanie, TX 74244"
357,49100000000000000000000077,Larry Harper,"503 Murphy Underpass Apt. 923
Gabrielleville, NC 56341"
358,47100000000000000000000080,Thomas Harris,"22157 Morgan Burgs
South Jacobview, NE 94748"
359,46100000000000000000000088,Jeremy Charles,"74849 Roberts Pine Suite 794
Scottfort, CO 55456"
360,45100000000000000000000025,Timothy Sexton,"521 Turner Pass
North Briannaville, NV 31028"
361,82100000000000000000000059,Debra Hicks,"136 Watts Mission
Rodriguezhaven, MN 72861"
362,49100000000000000000000029,Amanda Glover,"USNS Jackson
FPO AP 89025"
363,95100000000000000000000023,Jennifer Cook,"66849 Alyssa Passage
North Sherry, CO 94541"
364,25100000000000000000000028,Raymond Green,"91355 Angela Burgs Apt. 841
Derekstad, OR 72100"
365,50100000000000000000000037,Cody Phillips,"89490 Kelly Stravenue Apt. 286
North Randy, NE 99836"
366,17100000000000000000000069,Andrew Tucker,"23615 Hardy Roads Apt. 283
West Adrian, AR 71902"
367,73100000000000000000000094,Donna Cruz,"016 Walker Port Apt. 271
West Benjaminfort, KS 92164"
368,17100000000000000000000056,Anthony Flores,"3554 Foster Plains Suite 178
Hensonton, AZ 50621"
369,64100000000000000000000088,Pamela Pena,"327 Thomas Corner
Porterchester, NH 01062"
370,54100000000000000000000038,Paul Harris,"84265 John Terrace
Williamberg, VA 51607"
371,98100000000000000000000056,Victoria Smith,"047 Graham Key Apt. 056
Port Kevin, IN 86523"
372,91100000000000000000000094,Miguel Torres,"98133 Crystal Knolls Apt. 301
Smithborough, IL 45958"
373,87100000000000000000000077,Chris Santana,"USNV Doyle
FPO AA 45810"
374,78100000000000000000000062,Lori Ramirez,"4846 Olsen Fork Suite 395
Westland, NC 03126"
375,100100000000000000000000021,Cassandra Vega,"53693 Amy Light Suite 620
Emilyview, ND 86919"
376,24100000000000000000000084,Jason Nguyen,"657 Daniel Grove Apt. 689
Port Joshualand, NJ 60603"
377,49100000000000000000000015,Katherine George,"PSC 6218, Box 1723
APO AP 63727"
378,50100000000000000000000068,Mandy Wood,"Unit 3535 Box 9245
DPO AA 99213"
379,97100000000000000000000066,Robert Dominguez DVM,"112 Amanda Branch Apt. 831
North Reneeview, UT 01684"
380,68100000000000000000000091,Richard Rodriguez,"283 Cristian Squares
Lake John, NM 35353"
381,46100000000000000000000096,Russell Johnson,"Unit 2700 Box 9906
DPO AP 22529"
382,21100000000000000000000098,Timothy Barrett,"4118 Thomas Fields
East Davidtown, TX 08753"
383,87100000000000000000000040,Amber Johnson,"2189 Jones Point
North Jasonburgh, GA 24206"
384,31100000000000000000000017,Sally Yoder,"8414 Harrison Mill
Antoniomouth, AL 84426"
385,92100000000000000000000012,Michael Smith,"Unit 6715 Box 6019
DPO AP 48783"
386,95100000000000000000000006,Sandra Collins,"2081 White Course Suite 018
North Kathryn, AZ 33639"
387,18100000000000000000000053,Laura Foster,"Unit 3016 Box 3214
DPO AE 85888"
388,22100000000000000000000086,Eric Gilbert,"5836 Holly Trail Suite 185
Cynthiachester, WV 78813"
389,51100000000000000000000034,James Moore,"9406 Chung Trafficway Apt. 199
Cookville, VT 73894"
390,32100000000000000000000002,Kyle Dunn,"PSC 8647, Box 7942
APO AE 55072"
391,87100000000000000000000068,Denise Ewing,"087 Hughes Springs
Coxfort, ID 42754"
392,100100000000000000000000005,Thomas Li,"80192 Elizabeth Mission
Westside, GA 48620"
393,63100000000000000000000005,Craig Lee III,"7285 Sims Curve Suite 881
Matthewsberg, NM 62296"
394,86100000000000000000000048,Diana Sanders,"Unit 8717 Box 0714
DPO AA 91620"
395,66100000000000000000000096,Jose Eaton,"88261 Anderson Ferry
Harrishaven, AZ 13756"
396,95100000000000000000000021,Robert Jackson,"61896 Joseph Falls Apt. 001
Mcconnellville, VT 31884"
397,13100000000000000000000026,Benjamin Martin,"7316 Amy Islands
Rochachester, WY 18928"
398,99100000000000000000000027,Richard Pace,"180 Stephanie Hollow
Adamsshire, VA 62670"
399,100100000000000000000000028,Nancy Campbell,"7542 Chad Plain Suite 817
Deborahland, CA 51662"
400,38100000000000000000000038,Darius Brown,"PSC 6840, Box 1809
APO AE 78034"
401,31100000000000000000000003,Brett Cantu,"9823 Shawn Shoals Suite 426
New Alexander, AZ 12155"
402,31100000000000000000000042,Eugene Mcconnell,"1738 Mark Ways
New Garrettmouth, NV 84226"
403,54100000000000000000000090,Victoria Page,"1066 Philip Green
Angelafurt, WY 05352"
404,24100000000000000000000084,Jennifer Lopez,"9727 Tina Forks Apt. 674
Carterton, MA 90900"
405,77100000000000000000000011,Joseph Myers,"281 Laura Fall Apt. 907
South Daniel, ID 30774"
406,89100000000000000000000049,Theresa Medina,"9915 Tyler Estates
Port Haleyhaven, WI 90378"
407,60100000000000000000000050,Joshua Key,"7378 Hendricks Plaza Suite 802
New Ann, MI 82728"
408,75100000000000000000000047,Justin Lee,"339 Nancy Manor Suite 852
Salazarfurt, NE 34016"
409,52100000000000000000000034,Sean Baker,"6494 Holly Way
Mccoyberg, IA 87807"
410,90100000000000000000000081,Dr. Stephanie Chapman MD,"PSC 8494, Box 0903
APO AP 63294"
411,18100000000000000000000093,Jerry Gaines,"9040 Harper Brooks
West Heather, DC 80735"
412,86100000000000000000000042,Andrew Nguyen,"80488 Henry Centers
Watsonhaven, VT 47498"
413,15100000000000000000000011,Jeffrey Spence,"597 Lori Course
South Matthew, WY 27308"
414,26100000000000000000000038,Jose Shah DVM,"0064 Watson Streets Apt. 036
Port Ericstad, LA 69685"
415,15100000000000000000000024,Frank Oconnor,"03758 Andrews Estates
North Michelleland, KS 47836"
416,54100000000000000000000060,Catherine Mccarty,"3436 Michelle Ports Apt. 447
Morganshire, SD 95117"
417,81100000000000000000000074,Alicia Hamilton,"Unit 0744 Box 9254
DPO AA 09813"
418,48100000000000000000000069,Amber Miller,"6692 Baker Viaduct Apt. 709
North George, MA 45243"
419,68100000000000000000000041,Daniel Holmes,"100 Melissa Port Suite 662
New Brittanyberg, NJ 60621"
420,88100000000000000000000050,Amber Hardin,"229 Andrew Row Apt. 220
Jeffreyville, NH 16322"
421,80100000000000000000000054,Jennifer Petty,"714 Rivera Rapid
Justinburgh, ME 49848"
422,89100000000000000000000055,Christopher Fischer,"551 Jeremy Heights Suite 788
North Jessicahaven, SC 64788"
423,91100000000000000000000006,Derrick Berry,"6194 Tammy Knoll Apt. 190
Rogersview, VT 65628"
424,14100000000000000000000026,Dr. Heather Roy,"92159 Elizabeth Cove
Dickersonshire, NV 23177"
425,69100000000000000000000001,Abigail Bryan,"Unit 1110 Box 2075
DPO AA 79081"
426,83100000000000000000000064,Charles Myers,"6631 Byrd Pass
Ryanmouth, MS 04071"
427,38100000000000000000000013,Leslie Morgan,"830 Hunt Pass Apt. 819
Lake Joan, SD 02024"
428,91100000000000000000000006,Robert Clayton,"489 Montgomery Underpass Apt. 413
West Jodistad, OK 69746"
429,58100000000000000000000098,Tammy Reed,"0135 Angela Glens Suite 759
Elizabethland, OR 64283"
430,61100000000000000000000025,Christopher Grant,"081 Nicholas Meadow Suite 513
Karenbury, NH 21607"
431,29100000000000000000000008,Tammy Saunders PhD,"4743 Robert Street
West Alex, AL 06001"
432,99100000000000000000000075,William Morales,"65558 Roberts Burg Suite 120
Martinezshire, WY 95890"
433,57100000000000000000000008,Meagan Garcia,"3093 Mclaughlin Ranch Apt. 169
Port Kimberly, MD 14026"
434,58100000000000000000000014,Melissa Garcia,"7387 Cox Ridge Apt. 735
East Ian, IN 66565"
435,43100000000000000000000077,Mario Thompson,"8546 Anthony Lodge Suite 500
North Kellyside, CA 58477"
436,33100000000000000000000063,Sarah Palmer,"USNV Serrano
FPO AE 47664"
437,47100000000000000000000031,Michael Jones,"2381 Adkins Forest
Port Shannon, CA 39505"
438,66100000000000000000000008,Abigail Evans,"815 Martinez Crescent Apt. 242
South Zacharyton, OH 10347"
439,65100000000000000000000044,Kristy Costa,"1918 Clay Plaza Apt. 505
North James, IL 33952"
440,42100000000000000000000067,Robert Hawkins,"88033 Wyatt Garden
Watsonburgh, ID 45749"
441,65100000000000000000000022,Kristin Smith,"407 Reed Common
South John, MO 31548"
442,72100000000000000000000015,Melinda Fletcher,"908 Hudson Freeway
South Paulberg, RI 47942"
443,26100000000000000000000037,Mary Perez,"9996 Hansen Court Apt. 198
Port Randy, IL 27991"
444,92100000000000000000000006,Russell Ramirez,"91180 Cummings Points Suite 539
East Larryburgh, CT 20285"
445,12100000000000000000000082,Thomas Zuniga,"869 Sean Shore Apt. 587
West Rebecca, DE 05520"
446,63100000000000000000000082,Patricia Kirk,"59383 Shawn Rapids Apt. 065
East Kylieport, MI 48580"
447,59100000000000000000000039,Donald Lloyd,"7319 Browning Throughway Apt. 114
Aaronfort, CO 90175"
448,17100000000000000000000073,Michael Hill,"9846 Baldwin Hills
East Alexberg, OR 83514"
449,18100000000000000000000016,Meagan Brown,"65601 David Junction
Harrismouth, IL 65642"
450,32100000000000000000000059,Tina Smith,"826 King Trafficway
Lake John, IA 04111"
451,18100000000000000000000059,Dean Wright,"8412 Burke Station Suite 215
Bryanview, WI 96474"
452,10100000000000000000000010,Annette Drake,"31393 Marshall Greens Apt. 042
Barbarafort, IL 71615"
453,13100000000000000000000093,Mark Walker,"92414 Travis Unions Apt. 336
Brandonfurt, VT 50078"
454,30100000000000000000000040,Ryan Turner,"391 Andrea Drives
Collinschester, NJ 97176"
455,41100000000000000000000083,Michelle Warren,"Unit 6868 Box 8441
DPO AA 42059"
456,99100000000000000000000069,Martha Hanna,"PSC 2195, Box 1359
APO AE 71686"
457,42100000000000000000000027,Robert Jackson,"07534 Latoya Wells Suite 354
Dawnmouth, MO 02766"
458,90100000000000000000000054,Bradley Beck,"6620 Kennedy Locks
Wendymouth, LA 13041"
459,30100000000000000000000093,Karen Hampton,"3227 Amanda Tunnel
Joshuaport, GA 00614"
460,33100000000000000000000053,Donna Nichols,"USCGC Wilson
FPO AA 63988"
461,55100000000000000000000006,Stacy Smith,"406 James River
Johnsonfort, MI 93180"
462,16100000000000000000000075,Carmen Taylor,"3913 Kathy Orchard
Glennborough, VA 17197"
463,48100000000000000000000064,Brian Delacruz,"324 Matthew Pines
North Jeffreyhaven, LA 17400"
464,89100000000000000000000095,Jason Weaver,"27815 Kristen Dale Apt. 967
East Jaredburgh, WI 57402"
465,13100000000000000000000043,Eric Holmes,"USNS Fisher
FPO AE 42211"
466,58100000000000000000000093,Stephanie Smith,"2921 James Land
Blackborough, VT 93343"
467,30100000000000000000000083,Kurt Jackson,"8529 Rice Garden Suite 093
North Kristi, OH 63598"
468,94100000000000000000000071,Elizabeth Williams,"325 Henry Green
Thompsonstad, ID 51943"
469,98100000000000000000000092,Taylor Martinez,"641 Monica Port Apt. 984
West Valerie, NM 41166"
470,93100000000000000000000069,Michael Bradford,"PSC 7933, Box 0125
APO AP 58987"
471,93100000000000000000000016,Courtney Conway,"89864 Greer Forges Apt. 396
Deannachester, NE 49467"
472,41100000000000000000000008,Jose Erickson,"4527 Duffy Parkway
North Staceychester, KY 91249"
473,65100000000000000000000055,Steven Johnson,"11139 Townsend Row
North Molly, MO 27716"
474,87100000000000000000000061,Ernest Jefferson,"14424 Martha Canyon
East Jenniferberg, NJ 93931"
475,74100000000000000000000027,Alison Rivera,"0413 Crystal Key Suite 145
Robertburgh, CT 51872"
476,39100000000000000000000052,Stephanie Young,"Unit 3762 Box 8281
DPO AA 96288"
477,81100000000000000000000083,Antonio Carrillo,"PSC 5977, Box 8207
APO AA 60691"
478,52100000000000000000000011,Tonya Martinez,"469 West Ports
Prestonburgh, WI 64562"
479,48100000000000000000000041,Steven Thompson,"59352 Reynolds Expressway
Lake Scott, IN 51067"
480,67100000000000000000000042,Anne Peterson,"67656 Julie Springs Suite 139
South Loganbury, VT 12842"
481,10100000000000000000000076,Jeff Flores,"2545 Mariah Plaza
Andrewton, UT 75999"
482,38100000000000000000000072,Paul Thornton,"PSC 8251, Box 1802
APO AP 04129"
483,44100000000000000000000007,Stacy Moore,"9740 Adams Trail
North Angela, SC 96549"
484,95100000000000000000000091,Jeremy Madden,"886 Victor Unions Apt. 855
Port Kristy, NJ 99855"
485,61100000000000000000000052,Lisa Raymond,"4096 Emily Mill
East Benjaminton, ND 73310"
486,32100000000000000000000048,Jonathan Taylor,"400 Regina Place
Meagantown, OR 13063"
487,66100000000000000000000024,Christina Molina,"USNV Young
FPO AE 31169"
488,63100000000000000000000073,Robin Bennett,"50981 Walker Trail Suite 439
Port Triciaside, NY 16485"
489,58100000000000000000000060,Sarah Jacobson,"011 Brooks Villages
Griffinbury, ND 73164"
490,41100000000000000000000089,Kimberly Campbell,"6586 Benjamin Meadow Apt. 520
Kennedytown, TN 41004"
491,77100000000000000000000069,Carolyn Oliver,"5919 Vasquez Harbors Apt. 167
Port Jamesberg, TN 68579"
492,42100000000000000000000095,Thomas Hamilton,"69002 Kenneth Plains Apt. 075
Donaldsonport, KS 33224"
493,47100000000000000000000007,Jeffrey Morrison,"PSC 0161, Box 9054
APO AP 72886"
494,53100000000000000000000064,Mr. Luis Garcia,"71194 Stephanie Extension Suite 119
Ronaldshire, AR 15612"
495,65100000000000000000000079,Kelly Berg,"1378 Laura Avenue Apt. 306
Annettechester, SC 97736"
496,39100000000000000000000050,Kathy Taylor,"658 Cox Park
Port Joshua, OR 70935"
497,45100000000000000000000069,Thomas Tate,"16102 Michelle Lake Suite 463
Micheleburgh, NE 83631"
498,75100000000000000000000053,William Lester,"84866 Pacheco Extension Apt. 668
Smithchester, FL 91186"
499,31100000000000000000000086,Michael Dennis,"53732 Peters Coves Suite 757
West Matthew, DC 95909"
500,82100000000000000000000094,Angela Mack,"Unit 0581 Box 3111
DPO AA 78793"
501,92100000000000000000000092,Hannah Matthews,"421 Danielle Burg
Lake Reginald, IN 50251"
502,73100000000000000000000016,Natalie Oconnell,"28773 Campbell Rue Suite 040
Ryanfurt, MT 60413"
503,16100000000000000000000060,Karen Ellison,"343 Neal Turnpike
Kristabury, OR 66016"
504,91100000000000000000000075,Timothy Cline,"4780 Jonathan Fields
Zimmermanport, UT 10656"
505,19100000000000000000000051,Robert Smith,"8875 Johnson Terrace
Williamborough, HI 56752"
506,62100000000000000000000056,Anthony Lopez,"647 Nelson Plaza Apt. 545
Brownhaven, DC 10200"
507,68100000000000000000000015,Felicia Bradley,"49897 Sanchez Crescent Apt. 331
Harperton, PA 06218"
508,12100000000000000000000064,Brian Little,"60357 Gibson Hills
East Jeremiah, TN 14358"
509,92100000000000000000000002,Bruce Thomas,"478 James Ports
Seanmouth, MD 28762"
510,43100000000000000000000012,Jennifer Blair,"0514 Brandon Mews
New Charlesshire, NV 23407"
511,99100000000000000000000071,Sydney Hall,"0438 Hall Point Suite 367
Marissashire, IA 44212"
512,84100000000000000000000087,Christina Harrington,"33349 Luis Station
Cooperchester, AK 64068"
513,62100000000000000000000010,Laura Jones,"1692 Kelsey Crossroad
Aliciaberg, IN 64991"
514,49100000000000000000000013,Michael Chapman,"141 Brian Rue
Rachelburgh, AL 47556"
515,54100000000000000000000028,Gregory Simmons MD,"6526 Lori Drive
Reillybury, CA 57451"
516,39100000000000000000000038,Charles Palmer,"89406 Allison Lake Suite 887
Lake Dana, ME 15856"
517,72100000000000000000000013,Zachary Johnston,"7991 Brian Drives
Kellyside, OH 26283"
518,91100000000000000000000032,Caitlin Gibbs DVM,"597 Mary Park Apt. 200
Port Shirleyside, FL 05473"
519,98100000000000000000000027,Tiffany Hernandez,"17062 Spencer Ridge Suite 515
South Adamtown, MT 83343"
520,67100000000000000000000058,Anthony Vargas,"44132 Gray Club Suite 932
Lake Thomas, ME 92849"
521,25100000000000000000000039,Rachel Hernandez,"493 Sherry Isle
Port Jackiestad, VT 20881"
522,36100000000000000000000055,Erica Klein,"839 Linda Landing Suite 454
Salinasborough, TN 63372"
523,32100000000000000000000068,Luis Phillips,"8766 Mark Lane
East Jameston, CA 18220"
524,84100000000000000000000080,Robert Diaz,"368 Marquez Throughway Suite 935
Amyfurt, MN 32833"
525,91100000000000000000000006,Austin Davis,"11360 Brown Stravenue
Thomasview, MT 93805"
526,33100000000000000000000012,Stephanie Allen,"215 Sharon Ranch
South Dawn, SC 26873"
527,81100000000000000000000086,Anthony Massey,"17660 Davis Junction Apt. 315
West Marissaport, LA 26647"
528,86100000000000000000000002,Dustin Fisher,"9548 Jessica Lodge
New Carlos, LA 31834"
529,68100000000000000000000060,Norma Duran,"598 Austin Stream
Port Joshuaburgh, KY 49167"
530,38100000000000000000000023,Kimberly Gonzales,"1955 Miller Ports Apt. 723
Edwardsmouth, NV 20479"
531,66100000000000000000000068,Andrew Herring,"4606 Cummings Lodge
New Robert, DE 79676"
532,81100000000000000000000030,Leslie West,"0355 Jeremy Springs Suite 765
Port Robert, NV 50549"
533,18100000000000000000000018,Darren Hayes,"USNV Cox
FPO AE 59376"
534,98100000000000000000000007,Patricia Aguirre,"841 Taylor Spurs
Barbarafurt, MS 38117"
535,45100000000000000000000055,Laura Hughes,"200 Timothy Expressway
West Jennifer, MA 32157"
536,78100000000000000000000070,Adam Poole,"83886 Mcdonald Run Suite 961
Freemanland, IL 58411"
537,13100000000000000000000063,Robert Johnson,"363 Day Dale Apt. 361
Garciaberg, SC 07997"
538,36100000000000000000000085,Scott Chambers,"316 Jennifer Vista
Howellville, MD 08437"
539,76100000000000000000000059,Dwayne Schaefer,"0103 Ramos Rapids Apt. 005
Kelliburgh, DC 78323"
540,19100000000000000000000092,William Ryan,"13038 Richard Parkway
Timothyhaven, SC 22831"
541,79100000000000000000000065,Kathy Adams,"74707 Davis Freeway
Port Robert, ME 97178"
542,31100000000000000000000026,Daniel Larson,"PSC 0624, Box 5744
APO AE 50270"
543,31100000000000000000000092,Christopher Sanchez,"7471 Andrew Villages
Karlport, DC 80879"
544,93100000000000000000000085,Erin Mayo,"89268 Marvin Well
Wrightshire, MN 09679"
545,61100000000000000000000088,Carly Wright,"732 Vaughan Shore
Johnhaven, MT 37587"
546,34100000000000000000000034,Jeffery Nixon,"9677 Park Estates Apt. 447
East Stevenmouth, AZ 17152"
547,86100000000000000000000060,Anthony Ibarra,"395 Wilson Orchard Apt. 490
Port Brianfort, WV 94541"
548,17100000000000000000000022,Leah Johnson,"2369 Rosario Ferry
Donaldmouth, MT 58870"
549,17100000000000000000000087,Shannon Torres,"56348 Johnson Road Suite 159
Adamsfurt, DE 29081"
550,18100000000000000000000084,Michelle Ochoa,"46152 Moran Grove Apt. 458
South Jennifertown, IN 49382"
551,47100000000000000000000018,Brian Sullivan,"704 Charles Pine Suite 306
Port Monica, DE 56741"
552,77100000000000000000000093,Annette French,"23980 William Shoal Apt. 457
Brittanyview, AZ 28991"
553,46100000000000000000000049,Susan Scott,"0050 Allen Fork Suite 883
Garzatown, WV 63211"
554,27100000000000000000000033,Becky Velasquez,"197 Jason Motorway Suite 724
Santiagohaven, KS 24601"
555,23100000000000000000000064,Zachary Pearson,"256 Corey Landing Apt. 232
New Luiston, CT 81342"
556,81100000000000000000000074,Jacob Alexander,"717 Mcconnell Shore
Jonesbury, DC 27156"
557,63100000000000000000000095,Miguel Reese,"41022 Andrew Way Suite 619
North Lisatown, MS 90753"
558,59100000000000000000000018,Andrew Cohen,"1221 Kristen Lakes Suite 136
New Katiehaven, OH 01275"
559,44100000000000000000000082,Jade Roberson,"493 Francisco Vista
Scottshire, MN 79910"
560,34100000000000000000000053,Anthony Mccullough,"99743 David Ways Apt. 725
Debrachester, GA 24545"
561,50100000000000000000000040,Linda Collier,"09117 Gibson Mountain
Port Cory, WA 53513"
562,56100000000000000000000069,Theresa Robles,"999 Heather Divide Suite 657
Foxfurt, ME 89533"
563,43100000000000000000000066,Angela Hanna,"4483 Martinez Summit Suite 334
Matthewshire, AL 76660"
564,32100000000000000000000096,Russell Johnson,"522 Ramirez Shoals Apt. 734
North Jason, IN 09107"
565,22100000000000000000000056,Jesse Hughes,"Unit 6582 Box 7795
DPO AP 18945"
566,69100000000000000000000022,Kimberly Allen,"055 Lee Landing Suite 148
West Donna, OH 39212"
567,15100000000000000000000015,Thomas Gallegos,"362 Andrew Tunnel
Port Johnstad, LA 82502"
568,72100000000000000000000068,Courtney Silva,"90575 Cole Branch Suite 956
Daviston, NV 89764"
569,37100000000000000000000002,Justin Franklin,"41993 Clayton Drive Suite 139
East Joseph, NC 70293"
570,10100000000000000000000070,Michelle Norman,"77081 Bailey Court Apt. 083
Angelastad, TN 59014"
571,64100000000000000000000091,Brian Wilson,"292 Tyrone Crossroad
Yolandafort, TX 70400"
572,79100000000000000000000088,Samantha Hale,"6882 Thompson Rapids Apt. 502
Brownville, DE 19224"
573,62100000000000000000000068,Destiny Chambers,"6030 Emily Falls
West Keithfurt, MI 30564"
574,67100000000000000000000056,Jamie Singh,"213 Jason Villages Suite 776
Hernandezberg, WY 69134"
575,62100000000000000000000099,David Perkins,"05450 Luis Avenue
West Bridgetview, TN 39046"
576,62100000000000000000000071,Danielle Evans,"571 Nicholson Spurs Apt. 800
Johnmouth, MN 89648"
577,77100000000000000000000035,Kenneth Johnson,"1554 Wood Trail
Port Cynthia, CO 30289"
578,44100000000000000000000081,Michelle White,"396 Smith Forges
Jamesshire, IL 79742"
579,10100000000000000000000048,Patrick Booker,"9533 James Turnpike Suite 455
Diazhaven, NM 34781"
580,28100000000000000000000049,Adam Sullivan,"2793 Barr Fort
Morganmouth, MN 05584"
581,18100000000000000000000019,Kimberly Warren,"2412 Weiss Alley
South Nicole, VA 98638"
582,51100000000000000000000096,Mrs. Pamela Brennan,"036 Suzanne Lock Apt. 831
East Elizabethchester, ND 51978"
583,82100000000000000000000002,Tara Villanueva,"36600 Warren Field
Lake Renee, CT 50604"
584,28100000000000000000000050,Teresa Hill,"424 Lopez Trail
Wheelerchester, UT 54589"
585,50100000000000000000000053,Timothy Daniels,"Unit 5651 Box 9224
DPO AP 87140"
586,19100000000000000000000055,John Mack,"3043 Michael Parkway
New Colleenshire, NE 01182"
587,36100000000000000000000052,Lisa Bates,"801 Evans Springs
Katiechester, MO 36594"
588,59100000000000000000000063,Amy James,"47868 Donald Walks Suite 471
Meganview, TX 39413"
589,77100000000000000000000063,Krista Phelps,"77646 Boyd View Suite 171
West Tiffanymouth, CT 08580"
590,29100000000000000000000014,Joshua Matthews,"04520 Richard Rest
Phillipston, IN 83210"
591,68100000000000000000000014,Tracy Mendez,"330 Bill Brooks
New Ravenmouth, SC 57847"
592,40100000000000000000000091,Douglas Martinez,"37150 Joseph Parkway Suite 544
Vargasfurt, TN 99778"
593,93100000000000000000000077,Amanda Hernandez,"022 Howell Shores Apt. 345
East Juan, AK 76291"
594,64100000000000000000000035,Jennifer Mitchell,"3533 Betty Extension
South Elizabethchester, NJ 09538"
595,25100000000000000000000005,Joshua Gould,"70734 Park Wall
Jamiebury, WV 27773"
596,26100000000000000000000089,Jennifer Richard,"1258 Rodriguez Rapids
East Dawn, ND 53950"
597,47100000000000000000000049,Jennifer Murphy,"61155 White Drives Apt. 464
Walkerland, OK 72863"
598,62100000000000000000000088,Amanda Black,"075 Bean Mount Suite 990
Gutierrezbury, WV 66713"
599,31100000000000000000000064,Andrew Ellis,"7631 Gardner Ports Apt. 954
Michellemouth, MN 58765"
600,68100000000000000000000003,Steven Williams,"997 Ashley Circle
Jessicafurt, WV 82961"
601,39100000000000000000000088,Amber Martinez,"4871 Debbie Creek
Rasmussenview, AR 05814"
602,40100000000000000000000017,Crystal Fowler,"USNS Bridges
FPO AE 75159"
603,57100000000000000000000073,Mr. Jay Carson,"198 Warner Parkways
Austinville, OH 40146"
604,35100000000000000000000098,Alexander Ware DDS,"198 Hernandez Trail
Lynnhaven, ME 53591"
605,19100000000000000000000064,Derrick Johnson,"24091 Mitchell Streets
Walkerberg, AK 82859"
606,89100000000000000000000039,Nancy Bowen,"36935 Daniel Square
South Michaelbury, KS 97659"
607,55100000000000000000000003,April Chandler,"401 Ross Flat
New Rachel, MN 32516"
608,42100000000000000000000072,Kenneth Santos,"061 Michael Shoals Suite 692
Bishopville, CA 60911"
609,44100000000000000000000053,Susan Reilly,"767 Ramirez Centers
Lake Annette, VA 42200"
610,38100000000000000000000056,Steven Smith,"74247 Smith Cape Apt. 571
North Melanie, NM 91192"
611,81100000000000000000000011,Christopher Hanson,"8121 Mary Vista
Adamshire, RI 77219"
612,44100000000000000000000083,Kimberly Morris,"5875 Porter Dale Suite 634
Russellmouth, NY 85113"
613,12100000000000000000000040,Brian Davis,"2802 Ronald Station
South Michaeltown, WI 89869"
614,35100000000000000000000094,Michael Williams,"983 Nicholas Valley
Sheilabury, WI 87357"
615,77100000000000000000000027,Chase Ramos,"0278 George Cliff Apt. 959
Smithburgh, OH 48949"
616,30100000000000000000000032,Kathleen Pena,"088 William Port Apt. 602
Robertbury, NV 38401"
617,60100000000000000000000050,Sherri Bailey,"080 Ryan Trace
West Anthonymouth, ND 03056"
618,74100000000000000000000070,Cheyenne Morales,"94908 Jason Parks Suite 749
Steeleborough, CA 65986"
619,34100000000000000000000017,Rachel Benson,"USNS Fox
FPO AP 89815"
620,24100000000000000000000002,Brittany Mathews,"593 Mary Row
Martinezland, AL 44238"
621,56100000000000000000000071,Robert Butler,"99427 Jeffrey Garden
Port Robertbury, AL 46218"
622,25100000000000000000000084,Angela Schwartz,"997 Kathryn Mission
Serranofort, MI 30831"
623,78100000000000000000000023,Tyler Weiss,"692 Strong Corners Suite 020
North Christinaport, NM 60547"
624,33100000000000000000000088,Brian Patterson,"859 Alexandra Valleys
North Robert, NC 64490"
625,39100000000000000000000055,Lisa Yang,"0759 Robinson Brook Apt. 012
Debraville, OK 20164"
626,24100000000000000000000047,Timothy Rogers,"0856 Laura Plains
Lake Courtney, IN 39543"
627,17100000000000000000000096,Larry Richardson,"163 Foster Extensions
Lake Tommy, NE 71130"
628,25100000000000000000000062,Jacqueline Johnson,"127 Cook Parkway Apt. 690
West Madison, AL 05516"
629,29100000000000000000000025,Jennifer Miller,"4775 Blake Overpass Suite 209
New Jamie, NJ 57897"
630,51100000000000000000000080,Timothy Melendez,"446 Benjamin Ports
Lake Evan, GA 08676"
631,62100000000000000000000027,Phillip Mercado,"2325 Padilla Turnpike
New Johnmouth, VT 69008"
632,73100000000000000000000005,Dominique Rowland,"456 Megan Port
South Traci, DC 82687"
633,43100000000000000000000080,Deborah Johnson,"084 Dorothy Lodge Apt. 535
Port Jennifer, PA 21757"
634,99100000000000000000000035,Peter Dillon,"06800 Reed Falls
East Katherinemouth, NC 24157"
635,74100000000000000000000032,Shawn Ewing,"95189 Duffy Well Suite 234
Williamside, ME 13213"
636,28100000000000000000000017,Tiffany Mccullough,"782 Brad Path
Whitehaven, KS 42847"
637,41100000000000000000000038,Nicholas Garza,"50969 Jackson Drives
Ashleyport, ME 83874"
638,61100000000000000000000038,Angela Thornton,"898 Downs Estates
Robinmouth, MD 05676"
639,35100000000000000000000026,Andrew Roberts,"Unit 8821 Box 1769
DPO AA 29306"
640,69100000000000000000000034,Colton Campbell,"463 Mosley Centers
West Johnchester, KY 52121"
641,32100000000000000000000047,Mrs. Michelle Berry PhD,"51252 Elizabeth Camp
Gibsonhaven, UT 80392"
642,73100000000000000000000030,Michelle Gilbert,"USNV Bird
FPO AP 49082"
643,84100000000000000000000029,Sheila Cohen,"93293 John Parkway
West Karen, CO 69269"
644,72100000000000000000000056,Troy Jones,"29711 Renee Divide Suite 933
Meadowsfort, NV 06206"
645,93100000000000000000000065,Thomas Sanchez,"105 Cody Row
Thomaschester, NJ 08132"
646,80100000000000000000000011,Jessica Daniels,"300 Morton Fall Suite 200
Jasmineland, CO 64555"
647,15100000000000000000000033,Jamie Russell,"PSC 3681, Box 1452
APO AP 62177"
648,48100000000000000000000089,Marie Marshall,"99692 Peter Park Suite 021
Ashleybury, WA 21311"
649,94100000000000000000000008,Rachel Parks,"671 Perry Rue
Nicholasfurt, AK 98980"
650,20100000000000000000000058,Keith Hernandez,"171 Dylan Road
Wendyland, NJ 61674"
651,74100000000000000000000056,Todd Lee,"62280 Daniel Road Suite 386
Bethfurt, MI 22189"
652,74100000000000000000000088,Christopher Knight,"2161 Harrison Walk Apt. 760
Johnstontown, HI 00593"
653,42100000000000000000000056,Kelly Reilly,"4771 Susan Estates Apt. 962
Floresborough, WI 41017"
654,11100000000000000000000054,Julia Hogan,"8672 Obrien Lakes
Anneburgh, NJ 49970"
655,68100000000000000000000005,Joshua Thompson,"403 Hansen Haven
Katieland, MA 78349"
656,58100000000000000000000031,Joshua Evans,"1462 Isabella Port
East James, WY 62815"
657,53100000000000000000000068,Michael Torres,"Unit 2719 Box 9586
DPO AA 79903"
658,25100000000000000000000071,Tammy Hall,"23946 Kristopher Views Apt. 475
West Cheyenneview, ND 02774"
659,49100000000000000000000043,Richard Fisher,"600 Duncan Burgs
Amyville, CA 59663"
660,97100000000000000000000057,Lynn Butler,"8643 Harris Lock Apt. 492
New Brentmouth, NJ 28462"
661,39100000000000000000000038,Mr. Andrew Santos,"9857 Green Cliffs
Lambfurt, OR 32938"
662,100100000000000000000000054,Elizabeth Mckay,"54235 Alyssa Tunnel Apt. 737
Port Alan, MO 94391"
663,42100000000000000000000011,Shelby Bennett,"7501 Mooney Walk Suite 558
Harperfort, NV 31914"
664,77100000000000000000000062,Christina Guzman,"07990 Brian Meadows Apt. 770
South Saraton, NC 83467"
665,40100000000000000000000045,Crystal Garcia,"38732 Christina Run
Sarahfurt, NH 53107"
666,14100000000000000000000054,Susan Garcia,"118 Maria Wall Suite 732
North Carlabury, NE 75066"
667,17100000000000000000000030,Joseph Rodriguez,"PSC 5640, Box 8578
APO AE 21164"
668,98100000000000000000000022,Robin Williams,"749 Henderson Greens
Lake Veronica, VT 90535"
669,85100000000000000000000032,Regina Dixon,"7811 Harris Corners
Deanport, SC 93867"
670,34100000000000000000000067,Wendy Mitchell,"2380 Zachary Ville
Nathanchester, DE 21404"
671,85100000000000000000000027,Hannah Gonzalez,"1146 Cooper Grove
Lukeside, TN 85240"
672,64100000000000000000000099,Brittany Olson,"8782 Travis Circle Apt. 103
Haasport, LA 38056"
673,96100000000000000000000035,Tyrone Lopez,"4791 Regina Fords
North Bettyberg, NY 33943"
674,99100000000000000000000020,Gabriella Guzman,"952 Walsh Radial Suite 031
Mirandafort, WV 17932"
675,63100000000000000000000026,Cassandra Gould,"677 Hunter Islands
East Matthewhaven, CO 04678"
676,64100000000000000000000035,Kevin Garcia,"3400 Christina Cliff Suite 984
Cantrellfurt, TN 46216"
677,81100000000000000000000065,Angela Scott,"7721 Davis Hill
West Lisaport, LA 75938"
678,84100000000000000000000084,Brian Schneider,"228 Thomas Branch
North Renee, DC 01258"
679,56100000000000000000000010,Douglas Wright,"439 Collins Brook Apt. 567
South Bobbymouth, DC 01015"
680,62100000000000000000000061,Andrew Graham,"PSC 7289, Box 1449
APO AP 79716"
681,32100000000000000000000071,Nicholas Spears,"48632 Justin Plains
Cooleyton, IL 48492"
682,99100000000000000000000026,Anne Boyd,"235 Christopher Grove Apt. 611
South Olivia, NH 29807"
683,86100000000000000000000046,Angela Clark,"9010 Kristin Unions
West Tinamouth, VT 49475"
684,46100000000000000000000033,Darius Smith II,"280 Karen Field
North Sarah, AR 53536"
685,59100000000000000000000063,Nina Williams,"8326 Gomez Villages Apt. 953
Dianechester, WA 06394"
686,85100000000000000000000063,Todd Harrison,"Unit 4069 Box 3663
DPO AP 92984"
687,28100000000000000000000099,Dana Austin,"05945 Holmes Shoal Suite 959
Herreraville, WA 36418"
688,95100000000000000000000052,Jacob Mitchell,"Unit 5184 Box 4329
DPO AA 71834"
689,43100000000000000000000012,Cheryl Palmer,"2678 Davis Fall Apt. 976
Stevenmouth, DE 48204"
690,89100000000000000000000062,Mark Reynolds DVM,"Unit 7366 Box 3277
DPO AE 54375"
691,37100000000000000000000024,Edward Riggs,"52839 Nicholas Forge
Figueroaport, WI 39088"
692,32100000000000000000000061,Melissa Lawson,"50371 Ronald Extensions
New John, RI 46158"
693,19100000000000000000000038,Christina Le,"3933 Rivera Ways
Kimberlyville, ME 14708"
694,34100000000000000000000078,Jacob Perez,"80185 Adam Hill
Carmenfort, GA 52679"
695,95100000000000000000000002,Kevin Owens,"572 Kirk Isle
Lake Jason, MI 59747"
696,43100000000000000000000024,Kenneth Wilson,"73374 Beck Loaf
West Melissaview, TX 64032"
697,56100000000000000000000019,Jennifer Soto,"13428 Anderson Manors
Wilsonland, ME 38535"
698,12100000000000000000000028,Mitchell Greer,"3391 Holmes Prairie Suite 955
North Katieport, AK 15392"
699,96100000000000000000000062,Troy Saunders,"86536 Duane Square Suite 798
North Frances, NE 69772"
700,49100000000000000000000043,Rachel Reeves,"741 Kirk Well Suite 755
Jennifermouth, ID 22077"
701,33100000000000000000000042,Dominique Rodgers,"8158 Dudley View
Lake Kimberlychester, NC 33568"
702,67100000000000000000000037,Mr. David Lee MD,"36376 Donna Ports Suite 134
Haneyburgh, NH 03020"
703,16100000000000000000000009,Sandra Pitts,"983 Prince Stravenue Suite 304
West Robinhaven, HI 83693"
704,45100000000000000000000005,Tonya Wilkins,"09326 Melissa Mission Apt. 819
Morganside, CO 46414"
705,51100000000000000000000041,Daniel Freeman,"159 Thomas Way
West Kevinborough, OR 79533"
706,89100000000000000000000071,Jocelyn Cox MD,"02808 Melanie Shoal
West Richardfort, MO 14873"
707,28100000000000000000000029,Micheal Mcmillan,"7529 Taylor Inlet Suite 523
Zacharymouth, IL 24962"
708,41100000000000000000000028,Megan Newton,"PSC 2699, Box 2843
APO AE 83813"
709,16100000000000000000000006,Amy Griffin,"5244 Craig Springs
Smithborough, NC 75311"
710,61100000000000000000000073,Stacy Brown,"210 Crystal Trail
Riosshire, ID 73587"
711,54100000000000000000000054,Brandon White,"33636 Chelsea Villages
Heatherport, WY 03623"
712,74100000000000000000000099,Alexis Hall,"934 Wang Vista Suite 822
Jamesshire, IL 11727"
713,96100000000000000000000017,Ryan Johnson,"5952 Lisa Walk
Jocelynbury, HI 25027"
714,54100000000000000000000061,Brian Miller,"452 Nguyen Pines Suite 483
Kellyborough, WA 68972"
715,82100000000000000000000042,Timothy Lopez,"4736 Howard Dam
Jeffreymouth, KY 45644"
716,24100000000000000000000054,Christopher Collins,"9734 Daniel Rapid Suite 973
New Andrew, FL 74994"
717,83100000000000000000000029,Sandra Mendez,"PSC 5082, Box 0409
APO AA 04086"
718,51100000000000000000000055,David Johnson,"713 Larry Curve
Steveshire, GA 94270"
719,60100000000000000000000088,Kimberly Taylor,"PSC 9946, Box 8140
APO AP 85420"
720,29100000000000000000000077,David Ross,"14261 Gonzalez Path
Lake Richardberg, ID 65139"
721,10100000000000000000000054,Jose Jones,"Unit 0632 Box 3421
DPO AE 42312"
722,95100000000000000000000099,William Shah,"07461 Hughes Tunnel
Johnberg, WY 26656"
723,71100000000000000000000023,John Klein,"831 Barry Unions Suite 121
Romanmouth, CA 04459"
724,77100000000000000000000035,Clifford Brown,"PSC 9805, Box 8847
APO AP 05049"
725,58100000000000000000000065,Mr. Carl Martinez,"113 Aguilar Port
South Adamtown, AR 33729"
726,13100000000000000000000048,Andrew Clark,"0075 Adam Corner
East Tiffany, NH 45901"
727,66100000000000000000000033,Angela Butler,"29216 David Valleys
Hallstad, SD 61192"
728,52100000000000000000000012,Katie Warren,"53488 Emily Meadow
South Alexaberg, CO 32876"
729,80100000000000000000000099,Susan Morris,"Unit 6683 Box 9006
DPO AP 60343"
730,17100000000000000000000071,Billy Hicks,"802 Murphy Rest Suite 438
West Jacqueline, DC 16225"
731,92100000000000000000000020,Alice Fischer,"8107 Lisa Turnpike Suite 217
South Matthew, NC 43770"
732,23100000000000000000000092,Mark Howell,"76649 Hernandez Neck Apt. 978
Meganburgh, MO 19630"
733,50100000000000000000000033,Nicole Daniel,"59891 Hannah Wells
Ericaton, TX 38229"
734,84100000000000000000000010,Eric Mathis,"03483 Joseph Trail Apt. 956
Port Clarence, MN 42561"
735,98100000000000000000000013,Bruce Lewis,"134 Joanna Ford Apt. 890
Wellshaven, MN 12845"
736,47100000000000000000000058,Beth Cox,"944 Tabitha Corner
Samueltown, SD 41093"
737,54100000000000000000000097,Tiffany Norris,"8649 Mason Shores
Ashleybury, TX 44260"
738,96100000000000000000000060,Suzanne Walter,"7191 Moore Roads Apt. 957
Port David, UT 50532"
739,50100000000000000000000010,Latasha Scott,"252 Wood Expressway
Lake William, CO 03155"
740,36100000000000000000000028,Robert Huff,"USS Gray
FPO AE 02726"
741,83100000000000000000000076,Erica Woods,"5566 Mullen Hill Apt. 933
Jamesburgh, NC 86379"
742,75100000000000000000000016,Ashley Rodriguez,"13637 Joshua Expressway Suite 244
Derrickport, IA 57268"
743,72100000000000000000000004,Kimberly Gill,"4027 Duran Parkway Suite 095
South Geraldmouth, NE 14372"
744,54100000000000000000000067,Vincent Jordan,"815 Kyle Roads Suite 673
Port Heatherville, IL 56097"
745,68100000000000000000000086,Lisa Herman,"54207 Crystal Creek
East Daniel, UT 00552"
746,35100000000000000000000059,Christian Thomas,"508 Robert Loop
Lake Kevinstad, NM 46579"
747,36100000000000000000000028,Tammy Andrews,"56880 Connor Plains Apt. 327
Lake Alexandra, NY 33016"
748,30100000000000000000000063,Samantha Calhoun,"03540 Joshua Pines
Mikefort, PA 71761"
749,66100000000000000000000019,Lisa Terry,"16062 Higgins Corner Apt. 222
Lake Clinton, UT 75067"
750,74100000000000000000000017,Belinda Mason,"19356 Macdonald Hollow
Lake Rebeccastad, AL 74357"
751,86100000000000000000000034,Aaron Wright,"7620 Jean Crest Apt. 325
North Marcus, ND 96170"
752,92100000000000000000000052,Sophia Walters,"487 Palmer Manor
Medinamouth, UT 58250"
753,84100000000000000000000098,Kathy Moore,"USCGC Solomon
FPO AE 84947"
754,74100000000000000000000028,Chelsea Madden,"PSC 3993, Box 5737
APO AP 70376"
755,24100000000000000000000079,Cynthia Reyes,"508 Jorge Crossing
Lake Roy, IA 08103"
756,67100000000000000000000053,Michelle Pierce,"USNS Franklin
FPO AE 68132"
757,90100000000000000000000013,Troy White DDS,"894 Williams Corner
Lake Cherylborough, IL 95354"
758,41100000000000000000000088,Robert Aguilar,"781 Michael Creek
Lanechester, HI 01816"
759,37100000000000000000000085,Traci Stone,"4754 Shelly Brook Apt. 198
West Stephanie, TX 96837"
760,30100000000000000000000067,Adam Benson III,"691 Chapman Forks
North Jessica, AR 02015"
761,91100000000000000000000044,Austin Robbins,"496 Jeffrey Well
Powersbury, WY 62386"
762,45100000000000000000000060,Xavier Pugh,"49317 Frost Keys Suite 220
West Ronald, IN 03625"
763,60100000000000000000000059,Destiny Carter,"237 Michael Mews Apt. 110
Angelaberg, MO 90030"
764,45100000000000000000000071,Leslie Hanson,"USCGC Craig
FPO AP 49212"
765,75100000000000000000000086,Patrick Thompson,"3450 Monica Mount Suite 850
Riverahaven, VA 09317"
766,54100000000000000000000024,Troy Davis,"USNV Bowman
FPO AA 21538"
767,29100000000000000000000029,Maurice Adams,"405 Melissa Extensions Apt. 847
West Jessicachester, MA 60715"
768,54100000000000000000000096,Brandon Jones,"05042 Miranda Stravenue Apt. 919
Burnsville, MI 83252"
769,11100000000000000000000017,Kim Farley,"91074 Arthur Turnpike Apt. 655
Kiddfurt, CO 09436"
770,20100000000000000000000003,Erin Petersen,"464 Joel Forks
Chanchester, VA 11720"
771,27100000000000000000000004,Alyssa Bishop,"6532 Simmons Gateway Apt. 937
East Timothy, UT 03573"
772,50100000000000000000000092,Dana Francis,"9577 Barrett Junction Apt. 267
Shannonfort, SC 54777"
773,98100000000000000000000075,Bobby Love,"20145 Duncan Port
North Samuel, ME 98430"
774,25100000000000000000000079,Tammy Schneider,"270 William Mall
East Joe, AK 20808"
775,77100000000000000000000072,Kelsey Mason,"502 Vega Fords Apt. 010
Port Ryan, NV 61003"
776,85100000000000000000000052,Lisa Parsons,"54666 Salazar Mews
New Davidville, ND 73840"
777,83100000000000000000000006,Valerie Townsend,"980 Brooks Mill Suite 612
North Janicehaven, WI 32984"
778,48100000000000000000000066,Kristen Ramirez,"8186 Nicole Camp
Lake Timothy, IN 83716"
779,39100000000000000000000005,Lydia Wood,"40455 Theresa Point Suite 494
North Anthonyview, SC 77343"
780,21100000000000000000000097,Jose Ellis,"676 Hess Walks
Patelton, AZ 00686"
781,19100000000000000000000058,Brandi Cummings,"USCGC Sharp
FPO AP 80276"
782,60100000000000000000000070,Rachel Hoffman,"01164 Ingram Cliff
North Lisafurt, MA 10007"
783,20100000000000000000000039,Barbara Miller,"1836 Hunt Mountain Suite 626
Jodimouth, VA 81643"
784,69100000000000000000000085,Xavier Phillips,"USS Brown
FPO AP 46133"
785,65100000000000000000000086,Curtis Parker,"2849 Craig Centers Suite 777
Nicholaschester, AK 85654"
786,39100000000000000000000007,John Casey,"464 Mitchell Heights
Garciaberg, NV 93960"
787,52100000000000000000000031,Diana Cruz,"USCGC Robinson
FPO AA 73167"
788,92100000000000000000000095,Charles Crosby,"9220 Walker Road Apt. 609
Lake Davidland, OR 48869"
789,71100000000000000000000012,Stanley Rodriguez,"377 Garcia Gardens
North Mandyfort, DE 47305"
790,91100000000000000000000040,Timothy Parker,"779 White Center
Simonmouth, GA 30814"
791,65100000000000000000000048,Matthew Walker,"839 Bell Stravenue Apt. 181
Benjaminland, VA 20915"
792,20100000000000000000000035,Susan Myers,"8083 Barbara Ramp Apt. 123
South Elaine, HI 85634"
793,81100000000000000000000074,Kristen Moss,"30739 Tonya Plaza
New Douglasbury, DE 17988"
794,28100000000000000000000034,Stacy Miles,"Unit 1350 Box 1084
DPO AE 25282"
795,23100000000000000000000083,Henry Lee,"9932 Medina Green
Joshuafort, MT 78214"
796,90100000000000000000000083,Julie Leach,"64622 Carrillo Port Apt. 810
Lake Bruceshire, WV 35352"
797,61100000000000000000000002,Alicia Martinez,"63827 Matthew Plains Suite 692
Katelyntown, WY 78211"
798,36100000000000000000000007,Jessica Fowler,"978 Emily Cove
Nancybury, AK 26677"
799,82100000000000000000000000,Kevin Collins,"1424 Davis Parks Suite 899
West Scott, NE 54392"
800,81100000000000000000000072,Garrett Jacobs,"2746 Odonnell Hill
West Erika, MO 54595"
801,47100000000000000000000045,Kerry Bennett,"2141 Adam Well Suite 137
Williamsfurt, CT 49924"
802,40100000000000000000000084,Daniel Morris,"2366 Justin Hill Apt. 733
Emilyport, SC 01414"
803,34100000000000000000000064,Mary Cox,"065 Moreno Neck
Millermouth, ID 57114"
804,37100000000000000000000021,Andrea Bush,"PSC 3264, Box 7838
APO AA 75476"
805,68100000000000000000000015,Christine Daniel,"444 Martin Corners Apt. 190
Thorntonmouth, WI 68266"
806,33100000000000000000000098,Paul Howe,"055 Reese Shores
Lake Elizabethville, HI 75931"
807,70100000000000000000000060,Juan Chavez,"8795 Laura Fort
Lake Lindsey, OH 52808"
808,58100000000000000000000048,Christopher Sanchez,"30779 Hayes Square Apt. 018
Norrisside, WA 69314"
809,15100000000000000000000067,Marcus Williams,"52703 Kristina Court Suite 710
West Jonathan, RI 40645"
810,46100000000000000000000046,Jeremy Moreno,"60734 Corey Ports Suite 289
Smithmouth, WV 91439"
811,45100000000000000000000073,Jermaine Wise,"7195 Sellers Divide Apt. 450
Robinsonton, MD 86134"
812,11100000000000000000000100,Brandon Fitzgerald,"87974 Holland Burg Apt. 469
Elizabethside, CO 04360"
813,94100000000000000000000057,David Pennington,"18420 Cabrera Plaza Suite 881
Curtisside, GA 06129"
814,93100000000000000000000065,Tiffany Burke,"83857 Jackson Plaza Suite 463
South Lisafurt, OR 77944"
815,16100000000000000000000083,Dale Rogers,"0344 James Island Apt. 803
South Robert, MI 28889"
816,72100000000000000000000035,Jennifer Brown,"USNS Zimmerman
FPO AE 52361"
817,31100000000000000000000057,Anna Cruz,"277 Steven Extension
Brianbury, IL 44271"
818,25100000000000000000000046,Kim Moore,"5745 Anderson Key
New Briana, MO 68976"
819,47100000000000000000000021,Frederick Paul,"Unit 5213 Box 5364
DPO AP 62556"
820,86100000000000000000000067,Jennifer Bowen,"893 Adams Parkways
Hoopertown, ND 09189"
821,58100000000000000000000081,Marcus Roberson,"34637 Patrick Drive Suite 159
North Kevin, VT 00856"
822,92100000000000000000000088,Bradley Raymond,"53337 David Locks Suite 457
East Yvetteshire, WI 58017"
823,92100000000000000000000048,Jason Todd,"161 Holloway River
Sharonberg, PA 40202"
824,100100000000000000000000008,Sean Johnson,"939 Warren Vista
Fuentesfort, AL 66652"
825,19100000000000000000000055,Victoria Edwards,"65990 Edwards Underpass
South Maria, MD 41101"
826,29100000000000000000000000,Nathaniel Davis,"02128 Alan Mountains Suite 631
Jessechester, MD 28442"
827,53100000000000000000000096,Joshua Freeman,"56241 Johnson Lake Suite 112
Port Williamshire, MA 14087"
828,61100000000000000000000074,Erin Baker,"24980 Jason Point Apt. 923
North Erikaland, GA 74312"
829,86100000000000000000000037,Ms. Katherine Jones,"9193 Christopher Harbor
Lake David, CO 55388"
830,83100000000000000000000023,Samantha Rogers,"25179 Aguilar Row
Elizabethbury, TX 08875"
831,54100000000000000000000045,Barry Taylor,"9728 Laura Knoll Apt. 168
East Jessica, WI 28778"
832,89100000000000000000000045,Elizabeth Beasley,"Unit 1357 Box 7519
DPO AP 05157"
833,14100000000000000000000098,Kevin Davis,"404 Peters Lakes Apt. 048
Lake Georgeville, WY 44072"
834,80100000000000000000000054,Nicholas Herring,"530 Kathryn Passage
Lake Robert, OR 67307"
835,52100000000000000000000044,Alexander Shah,"6150 Jeremy Creek Apt. 793
Port Angela, DE 45721"
836,43100000000000000000000085,Christy Johnson,"432 Jack Camp Suite 541
North Carol, CT 95502"
837,79100000000000000000000052,Susan Lindsey,"1053 James Wall
Lake Jonstad, ID 62844"
838,68100000000000000000000080,Linda Allen,"31124 Laurie Rapid Suite 629
Michaelhaven, WI 39644"
839,48100000000000000000000096,Stephanie Ferguson,"6709 Rush Crest Suite 834
West Melissa, VT 66154"
840,44100000000000000000000075,Bryan Garcia,"042 Glenn Glen Apt. 739
Jessicamouth, TX 97231"
841,28100000000000000000000064,Diana Myers DDS,"PSC 9185, Box 4222
APO AP 45070"
842,78100000000000000000000000,Julie Clark,"9185 Johnson Corners Suite 471
West Tim, MS 50604"
843,17100000000000000000000031,Brenda Gilbert,"583 Singh Spur Suite 167
Lake Nicole, NH 40237"
844,19100000000000000000000096,Robert Oconnor,"PSC 8710, Box 6051
APO AE 57960"
845,38100000000000000000000027,Jeremy Walsh,"258 Kyle Turnpike
West Amandachester, VA 39902"
846,70100000000000000000000080,Joel White,"1968 Hill Fall Apt. 154
Joshuafurt, NH 48507"
847,55100000000000000000000047,Robert Malone,"USNS Larson
FPO AA 87018"
848,35100000000000000000000006,Heather Riley,"263 Sharon Loaf Apt. 076
New Madeline, VT 33717"
849,43100000000000000000000034,Susan Davis,"Unit 0828 Box 1141
DPO AE 86396"
850,85100000000000000000000064,Katie Day,"PSC 1781, Box 0864
APO AE 37147"
851,52100000000000000000000058,Dwayne French,"6229 Jose Cliff Apt. 931
Lake Wendytown, ND 35716"
852,69100000000000000000000058,Megan Osborne,"920 Jonathon Plain Apt. 223
Johnport, AZ 68809"
853,26100000000000000000000041,Samantha Duran,"326 James Shoal Suite 369
North Danielle, DE 67293"
854,95100000000000000000000039,Alexandria Cox,"2875 Harris Harbor Apt. 629
North Maryside, KS 36760"
855,27100000000000000000000071,Marcia Smith,"4392 Scott Pines
West Antonio, WY 50811"
856,43100000000000000000000075,Douglas Lowe,"744 Valerie Shoals
South Ritamouth, SC 36630"
857,93100000000000000000000038,Alexis Gonzalez,"32821 Woods Shores
New Glorialand, IL 88831"
858,52100000000000000000000005,Richard Richard,"83716 Aguilar Dale
Sosamouth, AL 64885"
859,29100000000000000000000062,Christina Conway,"32067 Peterson Cliffs
West Sonyaburgh, MT 42125"
860,28100000000000000000000030,Marie Anderson,"89153 Mary Squares
Matthewmouth, ID 77264"
861,65100000000000000000000084,Patricia Schultz,"28428 Angela Street Apt. 279
Millerfurt, NV 73918"
862,46100000000000000000000098,Mark Martin,"0153 Vanessa Crossing Apt. 977
Masseychester, VT 26172"
863,59100000000000000000000043,Martin Oliver,"Unit 7541 Box 4007
DPO AP 10783"
864,65100000000000000000000000,Jamie Reynolds,"737 Burns Keys Suite 719
East Jeanette, AK 67285"
865,100100000000000000000000097,Courtney Wang,"USNS Soto
FPO AA 58647"
866,77100000000000000000000070,Jeffrey Wagner,"2839 Frank Hills
Amandaborough, CA 51366"
867,62100000000000000000000076,Ashley Kim,"6031 Angela Villages
Kathyfort, CA 53751"
868,53100000000000000000000052,Kayla Nichols,"954 Patrick Ports
New Raymond, OH 11317"
869,21100000000000000000000043,Shane Rivera,"73234 Jessica Lakes
Jordantown, AL 42887"
870,80100000000000000000000065,John Jackson,"5310 Karina Junction Apt. 226
Jasonview, PA 18350"
871,40100000000000000000000043,Craig Ward,"53248 Lisa Tunnel
North Josephchester, NY 02969"
872,26100000000000000000000028,Katie Holland,"5701 Kimberly Overpass Apt. 397
Cortezton, WY 73225"
873,49100000000000000000000004,Kimberly Escobar,"29294 Ethan Dam Suite 048
Lauraside, MD 76018"
874,73100000000000000000000046,Mr. Dustin Coleman,"675 Walter Estates
New John, MO 51318"
875,35100000000000000000000098,Daniel Fleming,"2646 Hammond Mission Suite 525
New Ashleytown, OH 39731"
876,86100000000000000000000011,Cynthia Elliott,"993 Gabriel Ranch
North Michael, WI 43487"
877,70100000000000000000000056,Heather Carson,"61974 Gross Freeway
Mikestad, ID 73731"
878,62100000000000000000000080,Patricia Kelly,"648 Diana Garden
South Katherineberg, MS 19910"
879,76100000000000000000000056,Laura Smith,"62528 Mckenzie Trail Suite 144
Port Spencerstad, OR 40515"
880,88100000000000000000000048,Dr. Amanda Walker,"22310 Stephanie Estates Suite 317
Port Dana, AR 83195"
881,50100000000000000000000041,Alexander Taylor,"4522 Matthew Canyon Suite 011
East Sarah, VT 79841"
882,65100000000000000000000055,Lucas White,"82831 Jodi Skyway Apt. 832
Longfort, VA 74405"
883,62100000000000000000000051,Andrew Garcia,"068 Brown Oval Apt. 154
Brewerville, PA 84307"
884,75100000000000000000000030,Robert Rios,"46341 Barker Stream Apt. 853
Wilsonfort, NC 67806"
885,12100000000000000000000078,Robert Vasquez,"696 Le Trail
Jamesland, TX 15219"
886,41100000000000000000000084,Edward Bonilla,"4644 Hickman Fort Apt. 204
Ryanfurt, OH 46441"
887,89100000000000000000000003,Gary Park,"08978 Jose Curve Apt. 461
Danielsmouth, NJ 30192"
888,60100000000000000000000065,Robin Summers,"9988 Keith Throughway Apt. 926
Davidborough, ME 51813"
889,12100000000000000000000086,Denise Walker,"31745 Ho Summit Suite 024
Acostaberg, TN 10098"
890,46100000000000000000000045,Andrew Torres,"2708 Linda Ford Suite 874
North Rebeccafurt, IA 23398"
891,20100000000000000000000091,Tracie Becker,"9642 Jones Ramp
East Susan, OK 49421"
892,56100000000000000000000005,Tara Fisher,"28841 Kaufman Shore
North Laura, LA 39103"
893,27100000000000000000000022,Edward Palmer,"59352 Wilson Mountain
Huntershire, HI 16642"
894,79100000000000000000000061,Kevin Moody MD,"1533 Kristen Club
Noblefort, GA 40259"
895,57100000000000000000000024,Denise Freeman,"87698 Smith Vista
New Christy, RI 44842"
896,55100000000000000000000014,Anthony Fitzpatrick,"Unit 8225 Box 5868
DPO AE 36488"
897,67100000000000000000000009,Mia Lopez,"40911 Page Crescent Apt. 689
Hicksberg, TN 51584"
898,31100000000000000000000034,Jason Garcia,"83079 Kyle Wells
Dickersonhaven, KS 02550"
899,28100000000000000000000043,Thomas King,"16277 Peck Tunnel
Port Joannton, KS 81468"
900,73100000000000000000000042,Joshua Ruiz,"11800 Reynolds Hill Suite 470
Josetown, ID 38850"
901,94100000000000000000000084,Jennifer Conrad,"789 Anita Camp
New Barbarastad, NC 22292"
902,86100000000000000000000031,Nicole Graham,"088 Tim Loaf
Beckview, NJ 60581"
903,33100000000000000000000061,Gerald Davidson,"51690 Harvey Springs
Lake Nathanbury, WI 29167"
904,17100000000000000000000083,Daniel Harris,"1278 Davis Overpass
Jacquelinestad, DE 90414"
905,40100000000000000000000058,Adam Miller,"33516 Stein Forges Apt. 645
South Michelle, NE 11613"
906,82100000000000000000000087,Heather Ortega,"549 David Crescent
Joystad, UT 57774"
907,57100000000000000000000029,Michael Donaldson,"838 Combs Roads Apt. 777
Mezashire, OK 27011"
908,14100000000000000000000030,Tabitha Arias,"6575 Michael Light
Karenhaven, PA 17952"
909,34100000000000000000000071,Christopher Zamora,"87573 Cynthia Prairie
Lake Erica, PA 47874"
910,51100000000000000000000049,Haley Holloway,"53293 Wilson Bridge Suite 774
Port Lindseybury, NM 93382"
911,24100000000000000000000048,Alvin Williams,"Unit 1020 Box 1971
DPO AP 86295"
912,48100000000000000000000033,Cindy Jones,"622 Taylor Gateway
Port Mitchellton, DC 44906"
913,90100000000000000000000087,Corey Jackson,"4317 Heather Ways
Jonesbury, AZ 88446"
914,71100000000000000000000057,Kristin Howard,"7151 Justin Islands Apt. 789
Powellfort, OK 07566"
915,97100000000000000000000095,Elizabeth Cox,"USNV Hawkins
FPO AP 58601"
916,14100000000000000000000002,Michael Austin,"1963 Gray Passage Apt. 735
Cameronstad, IN 09806"
917,40100000000000000000000019,Benjamin Johnson,"8136 Yvette Cape Apt. 416
Roberttown, TN 60054"
918,41100000000000000000000075,Brandi Mora,"4173 Thomas Hills
East Michael, IL 49959"
919,27100000000000000000000068,Taylor Brown,"PSC 5336, Box 1364
APO AE 47268"
920,67100000000000000000000097,Paul King,"62342 Tammy Isle
Griffinborough, AL 18566"
921,81100000000000000000000066,Howard Sandoval,"143 Nicholas Spur Suite 973
North Jeremyberg, DE 48485"
922,17100000000000000000000017,Kimberly Phillips,"38103 Cummings Trail
South Williamtown, LA 24745"
923,41100000000000000000000053,Ronald Nguyen,"9794 Rodriguez Path
Mcintyreland, ID 99632"
924,10100000000000000000000023,Jonathan Reynolds,"USS Rios
FPO AA 17415"
925,20100000000000000000000029,Ashlee Harrison,"8070 Mendez Loop Suite 037
Port Paul, FL 26321"
926,80100000000000000000000061,Kimberly Cole,"4392 Lucas Place
Davidhaven, VA 69973"
927,72100000000000000000000057,Carrie Beck,"003 Maria Passage
New Frank, SD 85475"
928,89100000000000000000000047,Pamela Martinez,"USNV Garcia
FPO AP 48530"
929,40100000000000000000000055,Timothy Allen,"59446 Tiffany Stravenue Apt. 268
Matahaven, IL 21972"
930,91100000000000000000000053,Tara David,"241 Stacey Stream Apt. 856
West Tonyside, HI 76057"
931,90100000000000000000000098,Kelly Rojas,"74729 Schmidt Grove
Leonbury, OR 14839"
932,11100000000000000000000043,Tammy Beltran,"8427 Amber Estates Suite 220
Greenechester, OH 91347"
933,82100000000000000000000038,Michaela Gilbert,"05541 Kimberly Manors Apt. 637
Port Ronald, CO 08731"
934,21100000000000000000000000,Christian Castro,"56697 Adams Roads Apt. 461
Fullerhaven, CO 88661"
935,65100000000000000000000073,Michelle Martin,"12012 Williams Corner Apt. 562
Dawnhaven, SD 69058"
936,62100000000000000000000095,Regina Crawford,"8889 Natalie Stream
Caseychester, WA 20204"
937,35100000000000000000000059,Lisa Smith,"8814 Gonzalez Street Apt. 721
North Danielle, AL 57966"
938,49100000000000000000000035,Brandon Cabrera,"138 Sarah Hill
New Andreashire, WY 17517"
939,94100000000000000000000090,Susan Hamilton,"PSC 9756, Box 7633
APO AE 17365"
940,83100000000000000000000020,Sherry Vance,"PSC 5560, Box 1213
APO AA 68015"
941,60100000000000000000000012,Jennifer Burnett,"7141 James Prairie Suite 705
West Mathewside, NE 03076"
942,76100000000000000000000049,Lee Johnson,"00456 Thomas Estates Apt. 579
Conwayport, MI 46032"
943,100100000000000000000000067,Robert Odonnell,"0397 Clark Field
North Riley, RI 23816"
944,57100000000000000000000090,Judy Craig,"3230 Ronald Keys
South Anthony, NJ 13089"
945,43100000000000000000000032,Angela Ruiz,"90527 Amanda Vista
Billymouth, IA 69739"
946,19100000000000000000000093,Bobby Williams,"739 Karen Port Suite 165
Collinsmouth, MD 82663"
947,72100000000000000000000074,Kayla Hurley,"PSC 0003, Box 6138
APO AE 18888"
948,92100000000000000000000078,Andrew Rivera,"51485 Perkins Ridges Suite 162
Smithton, MO 77760"
949,39100000000000000000000025,Justin Alvarez,"109 Torres Plains Apt. 990
Curtisfurt, MD 74581"
950,37100000000000000000000079,Ethan Perez,"Unit 7357 Box 4905
DPO AP 87275"
951,86100000000000000000000100,Carol Williams,"90380 Barbara Key
New Johnbury, FL 54385"
952,100100000000000000000000023,Kenneth Benson,"4334 Paula Mill
Andrewtown, SC 07306"
953,53100000000000000000000004,Tiffany Cruz,"821 Miller Ports Apt. 065
Victorborough, NE 48057"
954,40100000000000000000000092,Kimberly Ramirez,"2560 Holmes Island Apt. 372
Thomasside, CT 65246"
955,38100000000000000000000043,Dr. Melissa Mckay,"6350 Ashley Camp
Heathermouth, OK 98450"
956,78100000000000000000000081,Stefanie Walker,"01710 Amber Parkways Suite 316
North Jameschester, AL 15630"
957,81100000000000000000000085,Lisa Shaw,"635 Clark Drive
South David, NH 03479"
958,57100000000000000000000096,Billy Morgan MD,"5303 Murphy Pass
Port Briana, SD 39026"
959,72100000000000000000000055,Robert Vargas,"2185 Michael Burg
East Joseph, CT 87000"
960,32100000000000000000000036,Kendra Gray,"63971 Strickland Junction Apt. 060
South Markberg, WI 44402"
961,15100000000000000000000025,Alyssa Hale,"968 Bush Heights Suite 475
Lake Rachelchester, AL 57538"
962,31100000000000000000000002,Jesse Drake,"373 Anthony Islands Apt. 538
Deniseton, NY 03431"
963,40100000000000000000000029,Jasmine Perez,"51432 Scott Terrace
Blanchardbury, DE 84081"
964,99100000000000000000000057,Thomas Carlson,"24291 Daniel Parkways Apt. 051
Sotoborough, WV 71206"
965,61100000000000000000000022,Christopher Garcia,"4322 Patel Burg
New Roberto, CT 68879"
966,30100000000000000000000018,Larry Ramirez,"325 Adrienne Bypass
Port Johnnyview, NH 50361"
967,56100000000000000000000047,Joseph Grimes,"Unit 4283 Box 2343
DPO AP 42629"
968,86100000000000000000000066,Michael Macias,"48762 Shah Meadows
Julieside, FL 27817"
969,92100000000000000000000056,James Jenkins,"9816 Farmer Ports Apt. 819
Rebeccashire, DC 19377"
970,95100000000000000000000063,Lee Conner,"USNV Gonzalez
FPO AA 80814"
971,22100000000000000000000042,Jack Brown,"12791 Jackson Roads
Stewartshire, HI 08573"
972,65100000000000000000000016,Patrick Jones,"99242 Karen Spurs
Brendachester, IL 31432"
973,33100000000000000000000063,Randy Bryant,"26330 Kirby Spur
Jonathanhaven, NC 21912"
974,97100000000000000000000043,Alyssa Sutton,"USNS Davis
FPO AA 54539"
975,92100000000000000000000066,Robert Garrett,"04346 Whitaker Fort
Ricestad, OH 92687"
976,76100000000000000000000085,Denise James,"9483 Johnson Rapid
Shawberg, MO 12854"
977,76100000000000000000000071,Emily Pittman,"86341 Martinez Walk Suite 625
Duncanside, KS 25258"
978,97100000000000000000000035,Justin Marshall,"30153 Michael Isle Apt. 491
South Anthony, AR 43709"
979,80100000000000000000000016,Scott Schmidt,"7140 Ramirez Station Suite 068
Joseshire, TX 03695"
980,67100000000000000000000021,Keith Williams,"37851 Carlos River Apt. 579
Dennisfort, RI 67865"
981,25100000000000000000000092,Tiffany Brandt,"USS Potter
FPO AA 69968"
982,16100000000000000000000007,Brandon Carr,"711 Lucas Locks
Lake Williamburgh, HI 10333"
983,75100000000000000000000022,Stephen Weiss,"99962 Johnson Drive Suite 351
Alyssachester, MS 47825"
984,58100000000000000000000077,Paul Jenkins,"126 Hess Circles
Morrowville, NV 21766"
985,60100000000000000000000055,Christine Martin,"190 Carlos Spring Apt. 087
West Lisabury, TX 98227"
986,28100000000000000000000080,Sarah Lane,"USCGC Conner
FPO AE 85662"
987,66100000000000000000000024,Denise Thompson,"966 Erin Locks Suite 128
Sanchezchester, MS 48701"
988,25100000000000000000000090,Daniel Combs,"660 Paula Forks
Port Laurenland, MI 04873"
989,78100000000000000000000026,Erin Brandt,"036 Rojas Freeway Suite 353
East Brittanyview, ME 43035"
990,60100000000000000000000077,James Allen,"064 Gonzalez Ford Suite 257
Schmittland, NJ 57542"
991,86100000000000000000000013,Lynn Harrell,"6689 Lopez Shore
New Nathanborough, OR 73616"
992,45100000000000000000000092,Zachary Parker,"776 Cooper Extension Apt. 392
Port Jamesstad, DC 41224"
993,86100000000000000000000062,Tyler Nelson,"74351 Jason Locks Apt. 598
Timothymouth, MA 73205"
994,63100000000000000000000049,Wayne Tate,"29460 Banks Dale Suite 525
North Crystalville, AR 25703"
995,27100000000000000000000066,Daniel Brown,"602 Susan Station Suite 233
East Michaelville, NJ 39003"
996,80100000000000000000000076,Nancy Archer,"Unit 8272 Box 6122
DPO AE 70444"
997,86100000000000000000000070,Melissa Matthews,"72259 Tracy Manor
New Maria, KY 38930"
998,47100000000000000000000078,Carlos Perry,"92768 James Harbor
Jeffreyhaven, VT 38341"
999,39100000000000000000000024,Wendy Nelson,"806 Katherine Springs Suite 384
Lake Ryanville, MN 54153"
1000,12100000000000000000000067,Brian Mason,"42473 Ashley Road Suite 419
North Michaelaport, MD 77632"
